technology,component,component_confidence,component_reasoning,material,material_confidence,material_reasoning,hs_code,country,meas_unit,amount,percentage,country_confidence,country_reasoning
Smartphone,Application Processor,1.0,"While this proposal appears isolated, it is a universally critical primary component in smartphone designs and carries high certainty due to its fundamental role.",Silicon,0.95,Round 3 refinement with peer support: 2,280469,China,metric tons,2099333.3333333335,63.33,0.89,Multi-agent debate consensus
Smartphone,Application Processor,1.0,"While this proposal appears isolated, it is a universally critical primary component in smartphone designs and carries high certainty due to its fundamental role.",Silicon,0.95,Round 3 refinement with peer support: 2,280469,United States,metric tons,705666.6666666666,20.0,0.857,Multi-agent debate consensus
Smartphone,Application Processor,1.0,"While this proposal appears isolated, it is a universally critical primary component in smartphone designs and carries high certainty due to its fundamental role.",Silicon,0.95,Round 3 refinement with peer support: 2,280469,Russia,metric tons,294466.6666666667,8.33,0.82,Multi-agent debate consensus
Smartphone,Application Processor,1.0,"While this proposal appears isolated, it is a universally critical primary component in smartphone designs and carries high certainty due to its fundamental role.",Silicon,0.95,Round 3 refinement with peer support: 2,280469,Japan,metric tons,90933.33333333333,2.5,0.7,Multi-agent debate consensus
Smartphone,Application Processor,1.0,"While this proposal appears isolated, it is a universally critical primary component in smartphone designs and carries high certainty due to its fundamental role.",Silicon,0.95,Round 3 refinement with peer support: 2,280469,India,metric tons,28872.666666666668,1.03,0.717,Multi-agent debate consensus
Smartphone,Application Processor,1.0,"While this proposal appears isolated, it is a universally critical primary component in smartphone designs and carries high certainty due to its fundamental role.",Gold,0.9,Round 3 refinement with peer support: 2,710812,China,ounces,3199619.6666666665,18.47,0.877,Multi-agent debate consensus
Smartphone,Application Processor,1.0,"While this proposal appears isolated, it is a universally critical primary component in smartphone designs and carries high certainty due to its fundamental role.",Gold,0.9,Round 3 refinement with peer support: 2,710812,Australia,ounces,2557333.3333333335,13.7,0.857,Multi-agent debate consensus
Smartphone,Application Processor,1.0,"While this proposal appears isolated, it is a universally critical primary component in smartphone designs and carries high certainty due to its fundamental role.",Gold,0.9,Round 3 refinement with peer support: 2,710812,Russia,ounces,2743130.0,12.43,0.883,Multi-agent debate consensus
Smartphone,Application Processor,1.0,"While this proposal appears isolated, it is a universally critical primary component in smartphone designs and carries high certainty due to its fundamental role.",Gold,0.9,Round 3 refinement with peer support: 2,710812,United States,ounces,2524607.6666666665,12.17,0.827,Multi-agent debate consensus
Smartphone,Application Processor,1.0,"While this proposal appears isolated, it is a universally critical primary component in smartphone designs and carries high certainty due to its fundamental role.",Gold,0.9,Round 3 refinement with peer support: 2,710812,Canada,ounces,2079819.3333333333,8.97,0.8,Multi-agent debate consensus
Smartphone,Application Processor,1.0,"While this proposal appears isolated, it is a universally critical primary component in smartphone designs and carries high certainty due to its fundamental role.",Nickel,0.7,Round 3 refinement with peer support: 0,750110,Nigeria,metric tons,73151.33333333333,21.0,0.793,Multi-agent debate consensus
Smartphone,Application Processor,1.0,"While this proposal appears isolated, it is a universally critical primary component in smartphone designs and carries high certainty due to its fundamental role.",Nickel,0.7,Round 3 refinement with peer support: 0,750110,Russia,metric tons,50562.0,14.67,0.85,Multi-agent debate consensus
Smartphone,Application Processor,1.0,"While this proposal appears isolated, it is a universally critical primary component in smartphone designs and carries high certainty due to its fundamental role.",Nickel,0.7,Round 3 refinement with peer support: 0,750110,Indonesia,metric tons,32029.0,9.67,0.813,Multi-agent debate consensus
Smartphone,Application Processor,1.0,"While this proposal appears isolated, it is a universally critical primary component in smartphone designs and carries high certainty due to its fundamental role.",Nickel,0.7,Round 3 refinement with peer support: 0,750110,Canada,metric tons,32017.0,9.33,0.857,Multi-agent debate consensus
Smartphone,Application Processor,1.0,"While this proposal appears isolated, it is a universally critical primary component in smartphone designs and carries high certainty due to its fundamental role.",Nickel,0.7,Round 3 refinement with peer support: 0,750110,China,metric tons,76568.0,21.5,0.85,Multi-agent debate consensus
Smartphone,Battery,1.0,"Strong consensus among peers (average confidence 0.95) for inclusion, indicating high stability and function in smartphones.",Lithium,0.95,Round 3 refinement with peer support: 2,280520,China,metric tons,64833.333333333336,42.93,0.913,Multi-agent debate consensus
Smartphone,Battery,1.0,"Strong consensus among peers (average confidence 0.95) for inclusion, indicating high stability and function in smartphones.",Lithium,0.95,Round 3 refinement with peer support: 2,280520,Australia,metric tons,38333.333333333336,24.6,0.893,From Liholiho mine in Western Australia; reliable industry reports and national statistics.
Smartphone,Battery,1.0,"Strong consensus among peers (average confidence 0.95) for inclusion, indicating high stability and function in smartphones.",Lithium,0.95,Round 3 refinement with peer support: 2,280520,Argentina,metric tons,11900.0,8.47,0.767,Includes Hombre Muerto and Oliva salars; production figures from INAPYD and industry analysts.
Smartphone,Battery,1.0,"Strong consensus among peers (average confidence 0.95) for inclusion, indicating high stability and function in smartphones.",Lithium,0.95,Round 3 refinement with peer support: 2,280520,Chile,metric tons,14033.333333333334,9.3,0.867,Large brine operations in Atacama region; consistent production supported by national statistics.
Smartphone,Battery,1.0,"Strong consensus among peers (average confidence 0.95) for inclusion, indicating high stability and function in smartphones.",Lithium,0.95,Round 3 refinement with peer support: 2,280520,Brazil,metric tons,7333.333333333333,5.33,0.777,Salar de Dom Basílio; data from Brazilian geological service with occasional reporting issues.
Smartphone,Battery,1.0,"Strong consensus among peers (average confidence 0.95) for inclusion, indicating high stability and function in smartphones.",Copper,0.775,Round 3 refinement with peer support: 1,740100,China,metric tons,721286.5,18.95,0.885,Multi-agent debate consensus
Smartphone,Battery,1.0,"Strong consensus among peers (average confidence 0.95) for inclusion, indicating high stability and function in smartphones.",Copper,0.775,Round 3 refinement with peer support: 1,740100,Chile,metric tons,2439058.0,16.7,0.92,Multi-agent debate consensus
Smartphone,Battery,1.0,"Strong consensus among peers (average confidence 0.95) for inclusion, indicating high stability and function in smartphones.",Copper,0.775,Round 3 refinement with peer support: 1,740100,Congo (Kinshasa),metric tons,2235000.0,15.1,0.95,Multi-agent debate consensus
Smartphone,Battery,1.0,"Strong consensus among peers (average confidence 0.95) for inclusion, indicating high stability and function in smartphones.",Copper,0.775,Round 3 refinement with peer support: 1,740100,Australia,metric tons,19104.0,22.1,0.9,Multi-agent debate consensus
Smartphone,Battery,1.0,"Strong consensus among peers (average confidence 0.95) for inclusion, indicating high stability and function in smartphones.",Copper,0.775,Round 3 refinement with peer support: 1,740100,"Copperbelt countries (Zambia, Congo-DRC)",metric tons,16733.0,19.4,0.95,Multi-agent debate consensus
Smartphone,Battery,1.0,"Strong consensus among peers (average confidence 0.95) for inclusion, indicating high stability and function in smartphones.",Cobalt,0.85,Round 3 refinement with peer support: 1,810510,DRC,metric tons,68977.33333333333,66.67,0.893,Dominates global cobalt production; data from USGS and DRC Mining Ministry
Smartphone,Battery,1.0,"Strong consensus among peers (average confidence 0.95) for inclusion, indicating high stability and function in smartphones.",Cobalt,0.85,Round 3 refinement with peer support: 1,810510,China,metric tons,15065.666666666666,14.0,0.85,Multi-agent debate consensus
Smartphone,Battery,1.0,"Strong consensus among peers (average confidence 0.95) for inclusion, indicating high stability and function in smartphones.",Cobalt,0.85,Round 3 refinement with peer support: 1,810510,Russia,metric tons,4372.0,5.03,0.85,Important producer known for high-grade ores; data from Russian Ministry of Natural Resources and Environment
Smartphone,Battery,1.0,"Strong consensus among peers (average confidence 0.95) for inclusion, indicating high stability and function in smartphones.",Cobalt,0.85,Round 3 refinement with peer support: 1,810510,Australia,metric tons,3837.3333333333335,4.37,0.827,Significant secondary producer with notable mining operations; Australian government statistics
Smartphone,Battery,1.0,"Strong consensus among peers (average confidence 0.95) for inclusion, indicating high stability and function in smartphones.",Cobalt,0.85,Round 3 refinement with peer support: 1,810510,Congo (Brazzaville),metric tons,5066.0,4.1,0.8,Multi-agent debate consensus
Smartphone,Battery,1.0,"Strong consensus among peers (average confidence 0.95) for inclusion, indicating high stability and function in smartphones.",Nickel,0.7,Round 3 refinement with peer support: 0,750110,Nigeria,metric tons,73151.33333333333,21.0,0.793,Multi-agent debate consensus
Smartphone,Battery,1.0,"Strong consensus among peers (average confidence 0.95) for inclusion, indicating high stability and function in smartphones.",Nickel,0.7,Round 3 refinement with peer support: 0,750110,Russia,metric tons,50562.0,14.67,0.85,Multi-agent debate consensus
Smartphone,Battery,1.0,"Strong consensus among peers (average confidence 0.95) for inclusion, indicating high stability and function in smartphones.",Nickel,0.7,Round 3 refinement with peer support: 0,750110,Indonesia,metric tons,32029.0,9.67,0.813,Multi-agent debate consensus
Smartphone,Battery,1.0,"Strong consensus among peers (average confidence 0.95) for inclusion, indicating high stability and function in smartphones.",Nickel,0.7,Round 3 refinement with peer support: 0,750110,Canada,metric tons,32017.0,9.33,0.857,Multi-agent debate consensus
Smartphone,Battery,1.0,"Strong consensus among peers (average confidence 0.95) for inclusion, indicating high stability and function in smartphones.",Nickel,0.7,Round 3 refinement with peer support: 0,750110,China,metric tons,76568.0,21.5,0.85,Multi-agent debate consensus
Smartphone,Battery,1.0,"Strong consensus among peers (average confidence 0.95) for inclusion, indicating high stability and function in smartphones.",Aluminum,0.7,Round 3 refinement with peer support: 0,280300,China,metric tons,27950000.0,43.9,0.935,Multi-agent debate consensus
Smartphone,Battery,1.0,"Strong consensus among peers (average confidence 0.95) for inclusion, indicating high stability and function in smartphones.",Aluminum,0.7,Round 3 refinement with peer support: 0,280300,Russia,metric tons,4460000.0,14.3,0.895,Multi-agent debate consensus
Smartphone,Battery,1.0,"Strong consensus among peers (average confidence 0.95) for inclusion, indicating high stability and function in smartphones.",Aluminum,0.7,Round 3 refinement with peer support: 0,280300,Canada,metric tons,2222500.0,6.25,0.83,Major bauxite reserve holder; verified mining data.
Smartphone,Battery,1.0,"Strong consensus among peers (average confidence 0.95) for inclusion, indicating high stability and function in smartphones.",Aluminum,0.7,Round 3 refinement with peer support: 0,280300,India,metric tons,1534000.0,2.93,0.703,Growing production; data from national geological surveys.
Smartphone,Battery,1.0,"Strong consensus among peers (average confidence 0.95) for inclusion, indicating high stability and function in smartphones.",Aluminum,0.7,Round 3 refinement with peer support: 0,280300,United States,metric tons,1982500.0,6.9,0.86,Multi-agent debate consensus
Smartphone,Display Module,1.0,"Consensus from two agents with average confidence 0.88, suggesting a fundamental and widely recognized component of a smartphone.",Glass,0.7,Round 3 refinement with peer support: 0,700800,China,metric tons,8897666.666666666,40.0,0.833,Dominates the global market due to its robust manufacturing infrastructure and cost-effectiveness; data from industry reports (USGS and Glass Technology Services).
Smartphone,Display Module,1.0,"Consensus from two agents with average confidence 0.88, suggesting a fundamental and widely recognized component of a smartphone.",Glass,0.7,Round 3 refinement with peer support: 0,700800,United States,metric tons,3768800.0,13.33,0.833,Significant glass manufacturing sector in states like California and Illinois; data from USGS.
Smartphone,Display Module,1.0,"Consensus from two agents with average confidence 0.88, suggesting a fundamental and widely recognized component of a smartphone.",Glass,0.7,Round 3 refinement with peer support: 0,700800,India,metric tons,4132933.3333333335,9.33,0.783,Multi-agent debate consensus
Smartphone,Display Module,1.0,"Consensus from two agents with average confidence 0.88, suggesting a fundamental and widely recognized component of a smartphone.",Glass,0.7,Round 3 refinement with peer support: 0,700800,Germany,metric tons,1307733.3333333333,6.0,0.833,Major producer in Europe; data from the German Glass Manufacturers' Association.
Smartphone,Display Module,1.0,"Consensus from two agents with average confidence 0.88, suggesting a fundamental and widely recognized component of a smartphone.",Glass,0.7,Round 3 refinement with peer support: 0,700800,Italy,metric tons,1120266.6666666667,4.67,0.817,Historically strong in the glass industry with renowned artisanal and technological expertise; data from Italian National Institute of Statistics.
Smartphone,Display Module,1.0,"Consensus from two agents with average confidence 0.88, suggesting a fundamental and widely recognized component of a smartphone.",Indium,0.7,Round 3 refinement with peer support: 0,811299,China,kg,14386.666666666666,42.6,0.833,Multi-agent debate consensus
Smartphone,Display Module,1.0,"Consensus from two agents with average confidence 0.88, suggesting a fundamental and widely recognized component of a smartphone.",Indium,0.7,Round 3 refinement with peer support: 0,811299,Japan,kg,4490.0,18.73,0.85,Multi-agent debate consensus
Smartphone,Display Module,1.0,"Consensus from two agents with average confidence 0.88, suggesting a fundamental and widely recognized component of a smartphone.",Indium,0.7,Round 3 refinement with peer support: 0,811299,Kazakhstan,kg,2123.3333333333335,17.83,0.833,Multi-agent debate consensus
Smartphone,Display Module,1.0,"Consensus from two agents with average confidence 0.88, suggesting a fundamental and widely recognized component of a smartphone.",Indium,0.7,Round 3 refinement with peer support: 0,811299,United States,kg,2805.3333333333335,6.13,0.767,Multi-agent debate consensus
Smartphone,Display Module,1.0,"Consensus from two agents with average confidence 0.88, suggesting a fundamental and widely recognized component of a smartphone.",Indium,0.7,Round 3 refinement with peer support: 0,811299,Spain,kg,196.33333333333334,1.53,0.683,Multi-agent debate consensus
Smartphone,Display Module,1.0,"Consensus from two agents with average confidence 0.88, suggesting a fundamental and widely recognized component of a smartphone.",Copper,0.7,Round 3 refinement with peer support: 0,740100,China,metric tons,721286.5,18.95,0.885,Multi-agent debate consensus
Smartphone,Display Module,1.0,"Consensus from two agents with average confidence 0.88, suggesting a fundamental and widely recognized component of a smartphone.",Copper,0.7,Round 3 refinement with peer support: 0,740100,Chile,metric tons,2439058.0,16.7,0.92,Multi-agent debate consensus
Smartphone,Display Module,1.0,"Consensus from two agents with average confidence 0.88, suggesting a fundamental and widely recognized component of a smartphone.",Copper,0.7,Round 3 refinement with peer support: 0,740100,Congo (Kinshasa),metric tons,2235000.0,15.1,0.95,Multi-agent debate consensus
Smartphone,Display Module,1.0,"Consensus from two agents with average confidence 0.88, suggesting a fundamental and widely recognized component of a smartphone.",Copper,0.7,Round 3 refinement with peer support: 0,740100,Australia,metric tons,19104.0,22.1,0.9,Multi-agent debate consensus
Smartphone,Display Module,1.0,"Consensus from two agents with average confidence 0.88, suggesting a fundamental and widely recognized component of a smartphone.",Copper,0.7,Round 3 refinement with peer support: 0,740100,"Copperbelt countries (Zambia, Congo-DRC)",metric tons,16733.0,19.4,0.95,Multi-agent debate consensus
Smartphone,Memory,1.0,"An isolated but highly certain support from agents reinforces the RAM as a primary component, essential for overall system performance and memory handling.",Silicon,0.883,Round 3 refinement with peer support: 2,280469,China,metric tons,2099333.3333333335,63.33,0.89,Multi-agent debate consensus
Smartphone,Memory,1.0,"An isolated but highly certain support from agents reinforces the RAM as a primary component, essential for overall system performance and memory handling.",Silicon,0.883,Round 3 refinement with peer support: 2,280469,United States,metric tons,705666.6666666666,20.0,0.857,Multi-agent debate consensus
Smartphone,Memory,1.0,"An isolated but highly certain support from agents reinforces the RAM as a primary component, essential for overall system performance and memory handling.",Silicon,0.883,Round 3 refinement with peer support: 2,280469,Russia,metric tons,294466.6666666667,8.33,0.82,Multi-agent debate consensus
Smartphone,Memory,1.0,"An isolated but highly certain support from agents reinforces the RAM as a primary component, essential for overall system performance and memory handling.",Silicon,0.883,Round 3 refinement with peer support: 2,280469,Japan,metric tons,90933.33333333333,2.5,0.7,Multi-agent debate consensus
Smartphone,Memory,1.0,"An isolated but highly certain support from agents reinforces the RAM as a primary component, essential for overall system performance and memory handling.",Silicon,0.883,Round 3 refinement with peer support: 2,280469,India,metric tons,28872.666666666668,1.03,0.717,Multi-agent debate consensus
Smartphone,Memory,1.0,"An isolated but highly certain support from agents reinforces the RAM as a primary component, essential for overall system performance and memory handling.",Tantalum,0.7,Round 3 refinement with peer support: 0,810320,Australia,metric tons,6225.0,31.85,0.9,Based on recent reports from Australian Mines and Petroleum; well-documented significant production
Smartphone,Memory,1.0,"An isolated but highly certain support from agents reinforces the RAM as a primary component, essential for overall system performance and memory handling.",Tantalum,0.7,Round 3 refinement with peer support: 0,810320,Canada,metric tons,2910.0,14.15,0.875,Data from the Canadian government's mining statistics; major producer with reliable stats
Smartphone,Memory,1.0,"An isolated but highly certain support from agents reinforces the RAM as a primary component, essential for overall system performance and memory handling.",Tantalum,0.7,Round 3 refinement with peer support: 0,810320,China,metric tons,9087.0,23.89,0.85,"Based on the USGS mineral commodity summary for recent years, China has been a dominant producer of tantalum."
Smartphone,Memory,1.0,"An isolated but highly certain support from agents reinforces the RAM as a primary component, essential for overall system performance and memory handling.",Tantalum,0.7,Round 3 refinement with peer support: 0,810320,Brazil,metric tons,1603.0,6.75,0.775,"Brazil has significant tantalum resources, with production concentrated in the state of Minas Gerais."
Smartphone,Memory,1.0,"An isolated but highly certain support from agents reinforces the RAM as a primary component, essential for overall system performance and memory handling.",Tantalum,0.7,Round 3 refinement with peer support: 0,810320,Democratic Republic of Congo,metric tons,973.0,15.6,0.85,Information from USGS and various industry reports; significant but informal production in DRC
Smartphone,graphics processing unit (gpu),0.0,,Silicon,0.95,Round 3 refinement with peer support: 2,280469,China,metric tons,2099333.3333333335,63.33,0.89,Multi-agent debate consensus
Smartphone,graphics processing unit (gpu),0.0,,Silicon,0.95,Round 3 refinement with peer support: 2,280469,United States,metric tons,705666.6666666666,20.0,0.857,Multi-agent debate consensus
Smartphone,graphics processing unit (gpu),0.0,,Silicon,0.95,Round 3 refinement with peer support: 2,280469,Russia,metric tons,294466.6666666667,8.33,0.82,Multi-agent debate consensus
Smartphone,graphics processing unit (gpu),0.0,,Silicon,0.95,Round 3 refinement with peer support: 2,280469,Japan,metric tons,90933.33333333333,2.5,0.7,Multi-agent debate consensus
Smartphone,graphics processing unit (gpu),0.0,,Silicon,0.95,Round 3 refinement with peer support: 2,280469,India,metric tons,28872.666666666668,1.03,0.717,Multi-agent debate consensus
Smartphone,graphics processing unit (gpu),0.0,,Copper,0.85,Round 2 refinement with peer support: 1,740100,China,metric tons,721286.5,18.95,0.885,Multi-agent debate consensus
Smartphone,graphics processing unit (gpu),0.0,,Copper,0.85,Round 2 refinement with peer support: 1,740100,Chile,metric tons,2439058.0,16.7,0.92,Multi-agent debate consensus
Smartphone,graphics processing unit (gpu),0.0,,Copper,0.85,Round 2 refinement with peer support: 1,740100,Congo (Kinshasa),metric tons,2235000.0,15.1,0.95,Multi-agent debate consensus
Smartphone,graphics processing unit (gpu),0.0,,Copper,0.85,Round 2 refinement with peer support: 1,740100,Australia,metric tons,19104.0,22.1,0.9,Multi-agent debate consensus
Smartphone,graphics processing unit (gpu),0.0,,Copper,0.85,Round 2 refinement with peer support: 1,740100,"Copperbelt countries (Zambia, Congo-DRC)",metric tons,16733.0,19.4,0.95,Multi-agent debate consensus
Smartphone,graphics processing unit (gpu),0.0,,Aluminum,0.7,Round 3 refinement with peer support: 0,280300,China,metric tons,27950000.0,43.9,0.935,Multi-agent debate consensus
Smartphone,graphics processing unit (gpu),0.0,,Aluminum,0.7,Round 3 refinement with peer support: 0,280300,Russia,metric tons,4460000.0,14.3,0.895,Multi-agent debate consensus
Smartphone,graphics processing unit (gpu),0.0,,Aluminum,0.7,Round 3 refinement with peer support: 0,280300,Canada,metric tons,2222500.0,6.25,0.83,Major bauxite reserve holder; verified mining data.
Smartphone,graphics processing unit (gpu),0.0,,Aluminum,0.7,Round 3 refinement with peer support: 0,280300,India,metric tons,1534000.0,2.93,0.703,Growing production; data from national geological surveys.
Smartphone,graphics processing unit (gpu),0.0,,Aluminum,0.7,Round 3 refinement with peer support: 0,280300,United States,metric tons,1982500.0,6.9,0.86,Multi-agent debate consensus
Smartphone,graphics processing unit (gpu),0.0,,Tantalum,0.7,Round 3 refinement with peer support: 0,810320,Australia,metric tons,6225.0,31.85,0.9,Based on recent reports from Australian Mines and Petroleum; well-documented significant production
Smartphone,graphics processing unit (gpu),0.0,,Tantalum,0.7,Round 3 refinement with peer support: 0,810320,Canada,metric tons,2910.0,14.15,0.875,Data from the Canadian government's mining statistics; major producer with reliable stats
Smartphone,graphics processing unit (gpu),0.0,,Tantalum,0.7,Round 3 refinement with peer support: 0,810320,China,metric tons,9087.0,23.89,0.85,"Based on the USGS mineral commodity summary for recent years, China has been a dominant producer of tantalum."
Smartphone,graphics processing unit (gpu),0.0,,Tantalum,0.7,Round 3 refinement with peer support: 0,810320,Brazil,metric tons,1603.0,6.75,0.775,"Brazil has significant tantalum resources, with production concentrated in the state of Minas Gerais."
Smartphone,graphics processing unit (gpu),0.0,,Tantalum,0.7,Round 3 refinement with peer support: 0,810320,Democratic Republic of Congo,metric tons,973.0,15.6,0.85,Information from USGS and various industry reports; significant but informal production in DRC
Smartphone,Processor,0.95,"Although isolated, this proposal received a high individual confidence score (1.00), reflecting its critical role in smartphone operation.",Silicon,0.8,Round 3 refinement with peer support: 1,280469,China,metric tons,2099333.3333333335,63.33,0.89,Multi-agent debate consensus
Smartphone,Processor,0.95,"Although isolated, this proposal received a high individual confidence score (1.00), reflecting its critical role in smartphone operation.",Silicon,0.8,Round 3 refinement with peer support: 1,280469,United States,metric tons,705666.6666666666,20.0,0.857,Multi-agent debate consensus
Smartphone,Processor,0.95,"Although isolated, this proposal received a high individual confidence score (1.00), reflecting its critical role in smartphone operation.",Silicon,0.8,Round 3 refinement with peer support: 1,280469,Russia,metric tons,294466.6666666667,8.33,0.82,Multi-agent debate consensus
Smartphone,Processor,0.95,"Although isolated, this proposal received a high individual confidence score (1.00), reflecting its critical role in smartphone operation.",Silicon,0.8,Round 3 refinement with peer support: 1,280469,Japan,metric tons,90933.33333333333,2.5,0.7,Multi-agent debate consensus
Smartphone,Processor,0.95,"Although isolated, this proposal received a high individual confidence score (1.00), reflecting its critical role in smartphone operation.",Silicon,0.8,Round 3 refinement with peer support: 1,280469,India,metric tons,28872.666666666668,1.03,0.717,Multi-agent debate consensus
Smartphone,Processor,0.95,"Although isolated, this proposal received a high individual confidence score (1.00), reflecting its critical role in smartphone operation.",Copper,0.85,Round 3 refinement with peer support: 1,740100,China,metric tons,721286.5,18.95,0.885,Multi-agent debate consensus
Smartphone,Processor,0.95,"Although isolated, this proposal received a high individual confidence score (1.00), reflecting its critical role in smartphone operation.",Copper,0.85,Round 3 refinement with peer support: 1,740100,Chile,metric tons,2439058.0,16.7,0.92,Multi-agent debate consensus
Smartphone,Processor,0.95,"Although isolated, this proposal received a high individual confidence score (1.00), reflecting its critical role in smartphone operation.",Copper,0.85,Round 3 refinement with peer support: 1,740100,Congo (Kinshasa),metric tons,2235000.0,15.1,0.95,Multi-agent debate consensus
Smartphone,Processor,0.95,"Although isolated, this proposal received a high individual confidence score (1.00), reflecting its critical role in smartphone operation.",Copper,0.85,Round 3 refinement with peer support: 1,740100,Australia,metric tons,19104.0,22.1,0.9,Multi-agent debate consensus
Smartphone,Processor,0.95,"Although isolated, this proposal received a high individual confidence score (1.00), reflecting its critical role in smartphone operation.",Copper,0.85,Round 3 refinement with peer support: 1,740100,"Copperbelt countries (Zambia, Congo-DRC)",metric tons,16733.0,19.4,0.95,Multi-agent debate consensus
Smartphone,Processor,0.95,"Although isolated, this proposal received a high individual confidence score (1.00), reflecting its critical role in smartphone operation.",Gold,0.7,Round 3 refinement with peer support: 0,710812,China,ounces,3199619.6666666665,18.47,0.877,Multi-agent debate consensus
Smartphone,Processor,0.95,"Although isolated, this proposal received a high individual confidence score (1.00), reflecting its critical role in smartphone operation.",Gold,0.7,Round 3 refinement with peer support: 0,710812,Australia,ounces,2557333.3333333335,13.7,0.857,Multi-agent debate consensus
Smartphone,Processor,0.95,"Although isolated, this proposal received a high individual confidence score (1.00), reflecting its critical role in smartphone operation.",Gold,0.7,Round 3 refinement with peer support: 0,710812,Russia,ounces,2743130.0,12.43,0.883,Multi-agent debate consensus
Smartphone,Processor,0.95,"Although isolated, this proposal received a high individual confidence score (1.00), reflecting its critical role in smartphone operation.",Gold,0.7,Round 3 refinement with peer support: 0,710812,United States,ounces,2524607.6666666665,12.17,0.827,Multi-agent debate consensus
Smartphone,Processor,0.95,"Although isolated, this proposal received a high individual confidence score (1.00), reflecting its critical role in smartphone operation.",Gold,0.7,Round 3 refinement with peer support: 0,710812,Canada,ounces,2079819.3333333333,8.97,0.8,Multi-agent debate consensus
Smartphone,Camera Module,0.85,"With one strong support (average confidence 0.85), though not as high as others, the camera module is integral to smartphone functionality, particularly for photography.",Glass,0.7,Round 3 refinement with peer support: 0,700800,China,metric tons,8897666.666666666,40.0,0.833,Dominates the global market due to its robust manufacturing infrastructure and cost-effectiveness; data from industry reports (USGS and Glass Technology Services).
Smartphone,Camera Module,0.85,"With one strong support (average confidence 0.85), though not as high as others, the camera module is integral to smartphone functionality, particularly for photography.",Glass,0.7,Round 3 refinement with peer support: 0,700800,United States,metric tons,3768800.0,13.33,0.833,Significant glass manufacturing sector in states like California and Illinois; data from USGS.
Smartphone,Camera Module,0.85,"With one strong support (average confidence 0.85), though not as high as others, the camera module is integral to smartphone functionality, particularly for photography.",Glass,0.7,Round 3 refinement with peer support: 0,700800,India,metric tons,4132933.3333333335,9.33,0.783,Multi-agent debate consensus
Smartphone,Camera Module,0.85,"With one strong support (average confidence 0.85), though not as high as others, the camera module is integral to smartphone functionality, particularly for photography.",Glass,0.7,Round 3 refinement with peer support: 0,700800,Germany,metric tons,1307733.3333333333,6.0,0.833,Major producer in Europe; data from the German Glass Manufacturers' Association.
Smartphone,Camera Module,0.85,"With one strong support (average confidence 0.85), though not as high as others, the camera module is integral to smartphone functionality, particularly for photography.",Glass,0.7,Round 3 refinement with peer support: 0,700800,Italy,metric tons,1120266.6666666667,4.67,0.817,Historically strong in the glass industry with renowned artisanal and technological expertise; data from Italian National Institute of Statistics.
Smartphone,Camera Module,0.85,"With one strong support (average confidence 0.85), though not as high as others, the camera module is integral to smartphone functionality, particularly for photography.",Silver,0.85,Round 3 refinement with peer support: 1,710610,China,metric tons,32791.5,20.45,0.91,Multi-agent debate consensus
Smartphone,Camera Module,0.85,"With one strong support (average confidence 0.85), though not as high as others, the camera module is integral to smartphone functionality, particularly for photography.",Silver,0.85,Round 3 refinement with peer support: 1,710610,Peru,metric tons,26340.0,16.44,0.89,Multi-agent debate consensus
Smartphone,Camera Module,0.85,"With one strong support (average confidence 0.85), though not as high as others, the camera module is integral to smartphone functionality, particularly for photography.",Silver,0.85,Round 3 refinement with peer support: 1,710610,Mexico,metric tons,20735.0,12.82,0.92,Multi-agent debate consensus
Smartphone,Camera Module,0.85,"With one strong support (average confidence 0.85), though not as high as others, the camera module is integral to smartphone functionality, particularly for photography.",Silver,0.85,Round 3 refinement with peer support: 1,710610,Poland,metric tons,13905.0,8.65,0.92,Multi-agent debate consensus
Smartphone,Camera Module,0.85,"With one strong support (average confidence 0.85), though not as high as others, the camera module is integral to smartphone functionality, particularly for photography.",Silver,0.85,Round 3 refinement with peer support: 1,710610,Russia,metric tons,11446.5,6.78,0.9,Multi-agent debate consensus
Electric Vehicle Battery,lithium ion cells,0.0,,Nickel,0.95,Round 2 refinement with peer support: 2,750110,Nigeria,metric tons,73151.33333333333,21.0,0.793,Multi-agent debate consensus
Electric Vehicle Battery,lithium ion cells,0.0,,Nickel,0.95,Round 2 refinement with peer support: 2,750110,Russia,metric tons,50562.0,14.67,0.85,Multi-agent debate consensus
Electric Vehicle Battery,lithium ion cells,0.0,,Nickel,0.95,Round 2 refinement with peer support: 2,750110,Indonesia,metric tons,32029.0,9.67,0.813,Multi-agent debate consensus
Electric Vehicle Battery,lithium ion cells,0.0,,Nickel,0.95,Round 2 refinement with peer support: 2,750110,Canada,metric tons,32017.0,9.33,0.857,Multi-agent debate consensus
Electric Vehicle Battery,lithium ion cells,0.0,,Nickel,0.95,Round 2 refinement with peer support: 2,750110,China,metric tons,76568.0,21.5,0.85,Multi-agent debate consensus
Electric Vehicle Battery,lithium ion cells,0.0,,Aluminum,0.95,Round 2 refinement with peer support: 2,280300,China,metric tons,27950000.0,43.9,0.935,Multi-agent debate consensus
Electric Vehicle Battery,lithium ion cells,0.0,,Aluminum,0.95,Round 2 refinement with peer support: 2,280300,Russia,metric tons,4460000.0,14.3,0.895,Multi-agent debate consensus
Electric Vehicle Battery,lithium ion cells,0.0,,Aluminum,0.95,Round 2 refinement with peer support: 2,280300,Canada,metric tons,2222500.0,6.25,0.83,Major bauxite reserve holder; verified mining data.
Electric Vehicle Battery,lithium ion cells,0.0,,Aluminum,0.95,Round 2 refinement with peer support: 2,280300,India,metric tons,1534000.0,2.93,0.703,Growing production; data from national geological surveys.
Electric Vehicle Battery,lithium ion cells,0.0,,Aluminum,0.95,Round 2 refinement with peer support: 2,280300,United States,metric tons,1982500.0,6.9,0.86,Multi-agent debate consensus
Electric Vehicle Battery,lithium ion cells,0.0,,Lithium,0.95,Round 2 refinement with peer support: 2,280520,China,metric tons,64833.333333333336,42.93,0.913,Multi-agent debate consensus
Electric Vehicle Battery,lithium ion cells,0.0,,Lithium,0.95,Round 2 refinement with peer support: 2,280520,Australia,metric tons,38333.333333333336,24.6,0.893,From Liholiho mine in Western Australia; reliable industry reports and national statistics.
Electric Vehicle Battery,lithium ion cells,0.0,,Lithium,0.95,Round 2 refinement with peer support: 2,280520,Argentina,metric tons,11900.0,8.47,0.767,Includes Hombre Muerto and Oliva salars; production figures from INAPYD and industry analysts.
Electric Vehicle Battery,lithium ion cells,0.0,,Lithium,0.95,Round 2 refinement with peer support: 2,280520,Chile,metric tons,14033.333333333334,9.3,0.867,Large brine operations in Atacama region; consistent production supported by national statistics.
Electric Vehicle Battery,lithium ion cells,0.0,,Lithium,0.95,Round 2 refinement with peer support: 2,280520,Brazil,metric tons,7333.333333333333,5.33,0.777,Salar de Dom Basílio; data from Brazilian geological service with occasional reporting issues.
Electric Vehicle Battery,lithium ion cells,0.0,,Cobalt,0.95,Round 2 refinement with peer support: 2,810510,DRC,metric tons,68977.33333333333,66.67,0.893,Dominates global cobalt production; data from USGS and DRC Mining Ministry
Electric Vehicle Battery,lithium ion cells,0.0,,Cobalt,0.95,Round 2 refinement with peer support: 2,810510,China,metric tons,15065.666666666666,14.0,0.85,Multi-agent debate consensus
Electric Vehicle Battery,lithium ion cells,0.0,,Cobalt,0.95,Round 2 refinement with peer support: 2,810510,Russia,metric tons,4372.0,5.03,0.85,Important producer known for high-grade ores; data from Russian Ministry of Natural Resources and Environment
Electric Vehicle Battery,lithium ion cells,0.0,,Cobalt,0.95,Round 2 refinement with peer support: 2,810510,Australia,metric tons,3837.3333333333335,4.37,0.827,Significant secondary producer with notable mining operations; Australian government statistics
Electric Vehicle Battery,lithium ion cells,0.0,,Cobalt,0.95,Round 2 refinement with peer support: 2,810510,Congo (Brazzaville),metric tons,5066.0,4.1,0.8,Multi-agent debate consensus
Electric Vehicle Battery,lithium ion cells,0.0,,Graphite,0.95,Round 2 refinement with peer support: 2,380110,China,metric tons,591666.6666666666,67.67,0.913,Based on recent reports from China's Ministry of Industry and Information Technology; well-documented data.
Electric Vehicle Battery,lithium ion cells,0.0,,Graphite,0.95,Round 2 refinement with peer support: 2,380110,India,metric tons,104333.33333333333,10.67,0.833,Second-largest producer with reliable data from industry reports; minor fluctuations year-over-year.
Electric Vehicle Battery,lithium ion cells,0.0,,Graphite,0.95,Round 2 refinement with peer support: 2,380110,Brazil,metric tons,56666.666666666664,5.67,0.75,Noted for significant graphite reserves; well-documented production
Electric Vehicle Battery,lithium ion cells,0.0,,Graphite,0.95,Round 2 refinement with peer support: 2,380110,Vietnam,metric tons,57990.0,10.0,0.725,Multi-agent debate consensus
Electric Vehicle Battery,lithium ion cells,0.0,,Graphite,0.95,Round 2 refinement with peer support: 2,380110,Argentina,metric tons,68000.0,7.0,0.75,Growing producer; production estimates based on Argentinian mining operations reports; data lag may exist.
Electric Vehicle Battery,lithium ion cells,0.0,,Copper,0.85,Round 2 refinement with peer support: 1,740100,China,metric tons,721286.5,18.95,0.885,Multi-agent debate consensus
Electric Vehicle Battery,lithium ion cells,0.0,,Copper,0.85,Round 2 refinement with peer support: 1,740100,Chile,metric tons,2439058.0,16.7,0.92,Multi-agent debate consensus
Electric Vehicle Battery,lithium ion cells,0.0,,Copper,0.85,Round 2 refinement with peer support: 1,740100,Congo (Kinshasa),metric tons,2235000.0,15.1,0.95,Multi-agent debate consensus
Electric Vehicle Battery,lithium ion cells,0.0,,Copper,0.85,Round 2 refinement with peer support: 1,740100,Australia,metric tons,19104.0,22.1,0.9,Multi-agent debate consensus
Electric Vehicle Battery,lithium ion cells,0.0,,Copper,0.85,Round 2 refinement with peer support: 1,740100,"Copperbelt countries (Zambia, Congo-DRC)",metric tons,16733.0,19.4,0.95,Multi-agent debate consensus
Electric Vehicle Battery,lithium ion cells,0.0,,Carbon nanotubes,0.7,Round 3 refinement with peer support: 0,280300,Japan,kg,4350.0,32.5,0.8,Multi-agent debate consensus
Electric Vehicle Battery,lithium ion cells,0.0,,Carbon nanotubes,0.7,Round 3 refinement with peer support: 0,280300,South Korea,kg,3562.5,25.0,0.8,Multi-agent debate consensus
Electric Vehicle Battery,lithium ion cells,0.0,,Carbon nanotubes,0.7,Round 3 refinement with peer support: 0,280300,United States,kg,2137.5,15.0,0.8,Multi-agent debate consensus
Electric Vehicle Battery,lithium ion cells,0.0,,Carbon nanotubes,0.7,Round 3 refinement with peer support: 0,280300,Germany,kg,640.0,6.0,0.75,Multi-agent debate consensus
Electric Vehicle Battery,lithium ion cells,0.0,,Carbon nanotubes,0.7,Round 3 refinement with peer support: 0,280300,United Kingdom,kg,802.5,4.5,0.75,Multi-agent debate consensus
Electric Vehicle Battery,Battery Management System,0.92,"There's strong multi-agent support for this component, with two agents having an average confidence of 0.89. The BMS is crucial for managing the battery's performance and safety.",Copper,0.85,Round 3 refinement with peer support: 1,740100,China,metric tons,721286.5,18.95,0.885,Multi-agent debate consensus
Electric Vehicle Battery,Battery Management System,0.92,"There's strong multi-agent support for this component, with two agents having an average confidence of 0.89. The BMS is crucial for managing the battery's performance and safety.",Copper,0.85,Round 3 refinement with peer support: 1,740100,Chile,metric tons,2439058.0,16.7,0.92,Multi-agent debate consensus
Electric Vehicle Battery,Battery Management System,0.92,"There's strong multi-agent support for this component, with two agents having an average confidence of 0.89. The BMS is crucial for managing the battery's performance and safety.",Copper,0.85,Round 3 refinement with peer support: 1,740100,Congo (Kinshasa),metric tons,2235000.0,15.1,0.95,Multi-agent debate consensus
Electric Vehicle Battery,Battery Management System,0.92,"There's strong multi-agent support for this component, with two agents having an average confidence of 0.89. The BMS is crucial for managing the battery's performance and safety.",Copper,0.85,Round 3 refinement with peer support: 1,740100,Australia,metric tons,19104.0,22.1,0.9,Multi-agent debate consensus
Electric Vehicle Battery,Battery Management System,0.92,"There's strong multi-agent support for this component, with two agents having an average confidence of 0.89. The BMS is crucial for managing the battery's performance and safety.",Copper,0.85,Round 3 refinement with peer support: 1,740100,"Copperbelt countries (Zambia, Congo-DRC)",metric tons,16733.0,19.4,0.95,Multi-agent debate consensus
Electric Vehicle Battery,Battery Management System,0.92,"There's strong multi-agent support for this component, with two agents having an average confidence of 0.89. The BMS is crucial for managing the battery's performance and safety.",Platinum,0.7,Round 3 refinement with peer support: 0,711011,South Africa,oz,877854.3333333334,65.13,0.96,Multi-agent debate consensus
Electric Vehicle Battery,Battery Management System,0.92,"There's strong multi-agent support for this component, with two agents having an average confidence of 0.89. The BMS is crucial for managing the battery's performance and safety.",Platinum,0.7,Round 3 refinement with peer support: 0,711011,Russia,oz,109106.66666666667,10.97,0.917,Multi-agent debate consensus
Electric Vehicle Battery,Battery Management System,0.92,"There's strong multi-agent support for this component, with two agents having an average confidence of 0.89. The BMS is crucial for managing the battery's performance and safety.",Platinum,0.7,Round 3 refinement with peer support: 0,711011,Canada,oz,60533.666666666664,4.27,0.867,Key producer with detailed annual reports from mining companies.
Electric Vehicle Battery,Battery Management System,0.92,"There's strong multi-agent support for this component, with two agents having an average confidence of 0.89. The BMS is crucial for managing the battery's performance and safety.",Platinum,0.7,Round 3 refinement with peer support: 0,711011,Namibia,oz,23485.75,1.3,0.72,Notable producer with ongoing growth potential; data from Namibian mining association.
Electric Vehicle Battery,Battery Management System,0.92,"There's strong multi-agent support for this component, with two agents having an average confidence of 0.89. The BMS is crucial for managing the battery's performance and safety.",Platinum,0.7,Round 3 refinement with peer support: 0,711011,United States,oz,33558.0,4.65,0.81,Multi-agent debate consensus
Electric Vehicle Battery,Battery Management System,0.92,"There's strong multi-agent support for this component, with two agents having an average confidence of 0.89. The BMS is crucial for managing the battery's performance and safety.",Silicon,0.7,Round 3 refinement with peer support: 0,280469,China,metric tons,2099333.3333333335,63.33,0.89,Multi-agent debate consensus
Electric Vehicle Battery,Battery Management System,0.92,"There's strong multi-agent support for this component, with two agents having an average confidence of 0.89. The BMS is crucial for managing the battery's performance and safety.",Silicon,0.7,Round 3 refinement with peer support: 0,280469,United States,metric tons,705666.6666666666,20.0,0.857,Multi-agent debate consensus
Electric Vehicle Battery,Battery Management System,0.92,"There's strong multi-agent support for this component, with two agents having an average confidence of 0.89. The BMS is crucial for managing the battery's performance and safety.",Silicon,0.7,Round 3 refinement with peer support: 0,280469,Russia,metric tons,294466.6666666667,8.33,0.82,Multi-agent debate consensus
Electric Vehicle Battery,Battery Management System,0.92,"There's strong multi-agent support for this component, with two agents having an average confidence of 0.89. The BMS is crucial for managing the battery's performance and safety.",Silicon,0.7,Round 3 refinement with peer support: 0,280469,Japan,metric tons,90933.33333333333,2.5,0.7,Multi-agent debate consensus
Electric Vehicle Battery,Battery Management System,0.92,"There's strong multi-agent support for this component, with two agents having an average confidence of 0.89. The BMS is crucial for managing the battery's performance and safety.",Silicon,0.7,Round 3 refinement with peer support: 0,280469,India,metric tons,28872.666666666668,1.03,0.717,Multi-agent debate consensus
Electric Vehicle Battery,Cooling System,0.9,"Consistent in proposals, supported by high consensus among peers.",Aluminum,0.85,Round 3 refinement with peer support: 1,280300,China,metric tons,27950000.0,43.9,0.935,Multi-agent debate consensus
Electric Vehicle Battery,Cooling System,0.9,"Consistent in proposals, supported by high consensus among peers.",Aluminum,0.85,Round 3 refinement with peer support: 1,280300,Russia,metric tons,4460000.0,14.3,0.895,Multi-agent debate consensus
Electric Vehicle Battery,Cooling System,0.9,"Consistent in proposals, supported by high consensus among peers.",Aluminum,0.85,Round 3 refinement with peer support: 1,280300,Canada,metric tons,2222500.0,6.25,0.83,Major bauxite reserve holder; verified mining data.
Electric Vehicle Battery,Cooling System,0.9,"Consistent in proposals, supported by high consensus among peers.",Aluminum,0.85,Round 3 refinement with peer support: 1,280300,India,metric tons,1534000.0,2.93,0.703,Growing production; data from national geological surveys.
Electric Vehicle Battery,Cooling System,0.9,"Consistent in proposals, supported by high consensus among peers.",Aluminum,0.85,Round 3 refinement with peer support: 1,280300,United States,metric tons,1982500.0,6.9,0.86,Multi-agent debate consensus
Electric Vehicle Battery,Cooling System,0.9,"Consistent in proposals, supported by high consensus among peers.",Polyethylene,0.7,Round 3 refinement with peer support: 0,390110,China,metric tons,2533333.3333333335,31.6,0.867,Based on recent industry reports and data from the China Petroleum & Chemical Corporation (Sinopec Group).
Electric Vehicle Battery,Cooling System,0.9,"Consistent in proposals, supported by high consensus among peers.",Polyethylene,0.7,Round 3 refinement with peer support: 0,390110,United States,metric tons,1583333.3333333333,17.67,0.85,Data from the American Chemistry Council and US Department of Energy.
Electric Vehicle Battery,Cooling System,0.9,"Consistent in proposals, supported by high consensus among peers.",Polyethylene,0.7,Round 3 refinement with peer support: 0,390110,India,metric tons,576666.6666666666,7.63,0.733,From Indian Petrochemicals Corporation Limited (IPCL) and industry reports.
Electric Vehicle Battery,Cooling System,0.9,"Consistent in proposals, supported by high consensus among peers.",Polyethylene,0.7,Round 3 refinement with peer support: 0,390110,South Korea,metric tons,1070000.0,14.1,0.825,Based on industry reports and data from Korean Chemical Industry Association.
Electric Vehicle Battery,Cooling System,0.9,"Consistent in proposals, supported by high consensus among peers.",Polyethylene,0.7,Round 3 refinement with peer support: 0,390110,Japan,metric tons,840000.0,8.75,0.775,"From Ministry of Economy, Trade and Industry (METI) data; slightly uncertain due to reporting delays."
Electric Vehicle Battery,Cooling System,0.9,"Consistent in proposals, supported by high consensus among peers.",Polycarbonate,0.7,Round 3 refinement with peer support: 0,390690,Germany,metric tons,461000.0,19.07,0.817,Multi-agent debate consensus
Electric Vehicle Battery,Cooling System,0.9,"Consistent in proposals, supported by high consensus among peers.",Polycarbonate,0.7,Round 3 refinement with peer support: 0,390690,Japan,metric tons,338333.3333333333,14.43,0.833,Major Asian player; data based on industry association reports.
Electric Vehicle Battery,Cooling System,0.9,"Consistent in proposals, supported by high consensus among peers.",Polycarbonate,0.7,Round 3 refinement with peer support: 0,390690,South Korea,metric tons,243167.33333333334,9.3,0.777,Growing market with steady growth in production; data from Korean industry surveys.
Electric Vehicle Battery,Cooling System,0.9,"Consistent in proposals, supported by high consensus among peers.",Polycarbonate,0.7,Round 3 refinement with peer support: 0,390690,United States,metric tons,233833.33333333334,10.6,0.783,Multi-agent debate consensus
Electric Vehicle Battery,Cooling System,0.9,"Consistent in proposals, supported by high consensus among peers.",Polycarbonate,0.7,Round 3 refinement with peer support: 0,390690,China,metric tons,182669.66666666666,9.33,0.74,Giant of global manufacturing; local industry reports and estimates.
Electric Vehicle Battery,Connectors,0.85,"Common but not always separated as primary, well-justified by multiple peers.",Copper,0.95,Round 3 refinement with peer support: 2,740100,China,metric tons,721286.5,18.95,0.885,Multi-agent debate consensus
Electric Vehicle Battery,Connectors,0.85,"Common but not always separated as primary, well-justified by multiple peers.",Copper,0.95,Round 3 refinement with peer support: 2,740100,Chile,metric tons,2439058.0,16.7,0.92,Multi-agent debate consensus
Electric Vehicle Battery,Connectors,0.85,"Common but not always separated as primary, well-justified by multiple peers.",Copper,0.95,Round 3 refinement with peer support: 2,740100,Congo (Kinshasa),metric tons,2235000.0,15.1,0.95,Multi-agent debate consensus
Electric Vehicle Battery,Connectors,0.85,"Common but not always separated as primary, well-justified by multiple peers.",Copper,0.95,Round 3 refinement with peer support: 2,740100,Australia,metric tons,19104.0,22.1,0.9,Multi-agent debate consensus
Electric Vehicle Battery,Connectors,0.85,"Common but not always separated as primary, well-justified by multiple peers.",Copper,0.95,Round 3 refinement with peer support: 2,740100,"Copperbelt countries (Zambia, Congo-DRC)",metric tons,16733.0,19.4,0.95,Multi-agent debate consensus
Electric Vehicle Battery,Connectors,0.85,"Common but not always separated as primary, well-justified by multiple peers.",Silver,0.7,Round 3 refinement with peer support: 0,710610,China,metric tons,32791.5,20.45,0.91,Multi-agent debate consensus
Electric Vehicle Battery,Connectors,0.85,"Common but not always separated as primary, well-justified by multiple peers.",Silver,0.7,Round 3 refinement with peer support: 0,710610,Peru,metric tons,26340.0,16.44,0.89,Multi-agent debate consensus
Electric Vehicle Battery,Connectors,0.85,"Common but not always separated as primary, well-justified by multiple peers.",Silver,0.7,Round 3 refinement with peer support: 0,710610,Mexico,metric tons,20735.0,12.82,0.92,Multi-agent debate consensus
Electric Vehicle Battery,Connectors,0.85,"Common but not always separated as primary, well-justified by multiple peers.",Silver,0.7,Round 3 refinement with peer support: 0,710610,Poland,metric tons,13905.0,8.65,0.92,Multi-agent debate consensus
Electric Vehicle Battery,Connectors,0.85,"Common but not always separated as primary, well-justified by multiple peers.",Silver,0.7,Round 3 refinement with peer support: 0,710610,Russia,metric tons,11446.5,6.78,0.9,Multi-agent debate consensus
Electric Vehicle Battery,Wiring,0.75,"Moderately agreed upon based on peer proposals, but sometimes considered part of the overall battery structure.",Copper,0.883,Round 3 refinement with peer support: 2,740100,China,metric tons,721286.5,18.95,0.885,Multi-agent debate consensus
Electric Vehicle Battery,Wiring,0.75,"Moderately agreed upon based on peer proposals, but sometimes considered part of the overall battery structure.",Copper,0.883,Round 3 refinement with peer support: 2,740100,Chile,metric tons,2439058.0,16.7,0.92,Multi-agent debate consensus
Electric Vehicle Battery,Wiring,0.75,"Moderately agreed upon based on peer proposals, but sometimes considered part of the overall battery structure.",Copper,0.883,Round 3 refinement with peer support: 2,740100,Congo (Kinshasa),metric tons,2235000.0,15.1,0.95,Multi-agent debate consensus
Electric Vehicle Battery,Wiring,0.75,"Moderately agreed upon based on peer proposals, but sometimes considered part of the overall battery structure.",Copper,0.883,Round 3 refinement with peer support: 2,740100,Australia,metric tons,19104.0,22.1,0.9,Multi-agent debate consensus
Electric Vehicle Battery,Wiring,0.75,"Moderately agreed upon based on peer proposals, but sometimes considered part of the overall battery structure.",Copper,0.883,Round 3 refinement with peer support: 2,740100,"Copperbelt countries (Zambia, Congo-DRC)",metric tons,16733.0,19.4,0.95,Multi-agent debate consensus
Electric Vehicle Battery,Wiring,0.75,"Moderately agreed upon based on peer proposals, but sometimes considered part of the overall battery structure.",Aluminum,0.7,Round 3 refinement with peer support: 0,280300,China,metric tons,27950000.0,43.9,0.935,Multi-agent debate consensus
Electric Vehicle Battery,Wiring,0.75,"Moderately agreed upon based on peer proposals, but sometimes considered part of the overall battery structure.",Aluminum,0.7,Round 3 refinement with peer support: 0,280300,Russia,metric tons,4460000.0,14.3,0.895,Multi-agent debate consensus
Electric Vehicle Battery,Wiring,0.75,"Moderately agreed upon based on peer proposals, but sometimes considered part of the overall battery structure.",Aluminum,0.7,Round 3 refinement with peer support: 0,280300,Canada,metric tons,2222500.0,6.25,0.83,Major bauxite reserve holder; verified mining data.
Electric Vehicle Battery,Wiring,0.75,"Moderately agreed upon based on peer proposals, but sometimes considered part of the overall battery structure.",Aluminum,0.7,Round 3 refinement with peer support: 0,280300,India,metric tons,1534000.0,2.93,0.703,Growing production; data from national geological surveys.
Electric Vehicle Battery,Wiring,0.75,"Moderately agreed upon based on peer proposals, but sometimes considered part of the overall battery structure.",Aluminum,0.7,Round 3 refinement with peer support: 0,280300,United States,metric tons,1982500.0,6.9,0.86,Multi-agent debate consensus
Quantum Computer,Qubit,0.98,"The Qubit is the fundamental building block of quantum computers. All proposals consistently point to this as a primary component, with high confidence based on industry standards.",Bismuth telluride,0.9,Round 3 refinement with peer support: 2,284390,China,metric tons,23333.333333333332,50.0,0.8,Multi-agent debate consensus
Quantum Computer,Qubit,0.98,"The Qubit is the fundamental building block of quantum computers. All proposals consistently point to this as a primary component, with high confidence based on industry standards.",Bismuth telluride,0.9,Round 3 refinement with peer support: 2,284390,United States,metric tons,10333.333333333334,17.5,0.767,Multi-agent debate consensus
Quantum Computer,Qubit,0.98,"The Qubit is the fundamental building block of quantum computers. All proposals consistently point to this as a primary component, with high confidence based on industry standards.",Bismuth telluride,0.9,Round 3 refinement with peer support: 2,284390,Japan,metric tons,6500.0,13.0,0.7,Multi-agent debate consensus
Quantum Computer,Qubit,0.98,"The Qubit is the fundamental building block of quantum computers. All proposals consistently point to this as a primary component, with high confidence based on industry standards.",Bismuth telluride,0.9,Round 3 refinement with peer support: 2,284390,Canada,metric tons,3466.6666666666665,11.9,0.717,Multi-agent debate consensus
Quantum Computer,Qubit,0.98,"The Qubit is the fundamental building block of quantum computers. All proposals consistently point to this as a primary component, with high confidence based on industry standards.",Bismuth telluride,0.9,Round 3 refinement with peer support: 2,284390,Germany,metric tons,3400.0,6.03,0.7,Historically produces significant amounts for industrial use; reliable data sources
Quantum Computer,Qubit,0.98,"The Qubit is the fundamental building block of quantum computers. All proposals consistently point to this as a primary component, with high confidence based on industry standards.",Aluminum gallium arsenide,0.85,Round 3 refinement with peer support: 1,282890,United States,metric tons,16576.0,27.67,0.85,Multi-agent debate consensus
Quantum Computer,Qubit,0.98,"The Qubit is the fundamental building block of quantum computers. All proposals consistently point to this as a primary component, with high confidence based on industry standards.",Aluminum gallium arsenide,0.85,Round 3 refinement with peer support: 1,282890,Japan,metric tons,26815.0,23.33,0.873,Multi-agent debate consensus
Quantum Computer,Qubit,0.98,"The Qubit is the fundamental building block of quantum computers. All proposals consistently point to this as a primary component, with high confidence based on industry standards.",Aluminum gallium arsenide,0.85,Round 3 refinement with peer support: 1,282890,South Korea,metric tons,19898.666666666668,15.0,0.86,Major producer in electronics; strong semiconductor sector.
Quantum Computer,Qubit,0.98,"The Qubit is the fundamental building block of quantum computers. All proposals consistently point to this as a primary component, with high confidence based on industry standards.",Aluminum gallium arsenide,0.85,Round 3 refinement with peer support: 1,282890,Germany,metric tons,4075.6666666666665,10.33,0.783,Multi-agent debate consensus
Quantum Computer,Qubit,0.98,"The Qubit is the fundamental building block of quantum computers. All proposals consistently point to this as a primary component, with high confidence based on industry standards.",Aluminum gallium arsenide,0.85,Round 3 refinement with peer support: 1,282890,Taiwan,metric tons,6665.333333333333,6.33,0.767,Significant semiconductor industry and production capabilities.
Quantum Computer,Qubit,0.98,"The Qubit is the fundamental building block of quantum computers. All proposals consistently point to this as a primary component, with high confidence based on industry standards.",Aluminum nitride,0.7,Round 3 refinement with peer support: 0,285000,Japan,metric tons,11300.0,36.5,0.825,Leading producer with comprehensive industry data from Japan Mint.
Quantum Computer,Qubit,0.98,"The Qubit is the fundamental building block of quantum computers. All proposals consistently point to this as a primary component, with high confidence based on industry standards.",Aluminum nitride,0.7,Round 3 refinement with peer support: 0,285000,China,metric tons,8450.0,22.5,0.85,Multi-agent debate consensus
Quantum Computer,Qubit,0.98,"The Qubit is the fundamental building block of quantum computers. All proposals consistently point to this as a primary component, with high confidence based on industry standards.",Aluminum nitride,0.7,Round 3 refinement with peer support: 0,285000,South Korea,metric tons,3200.0,15.5,0.8,Multi-agent debate consensus
Quantum Computer,Qubit,0.98,"The Qubit is the fundamental building block of quantum computers. All proposals consistently point to this as a primary component, with high confidence based on industry standards.",Aluminum nitride,0.7,Round 3 refinement with peer support: 0,285000,Germany,metric tons,2875.0,8.0,0.8,Multi-agent debate consensus
Quantum Computer,Qubit,0.98,"The Qubit is the fundamental building block of quantum computers. All proposals consistently point to this as a primary component, with high confidence based on industry standards.",Aluminum nitride,0.7,Round 3 refinement with peer support: 0,285000,United States,metric tons,1450.0,5.5,0.825,Multi-agent debate consensus
Quantum Computer,Quantuminterconnects,0.95,"These enable communication between qubits, crucial for implementing algorithms. While not all agents listed it previously, its omission would significantly impact the functionality, giving this a strong consensus among those who highlighted it with high confidence.",Aluminum nitride,0.85,Round 3 refinement with peer support: 1,285000,Japan,metric tons,11300.0,36.5,0.825,Leading producer with comprehensive industry data from Japan Mint.
Quantum Computer,Quantuminterconnects,0.95,"These enable communication between qubits, crucial for implementing algorithms. While not all agents listed it previously, its omission would significantly impact the functionality, giving this a strong consensus among those who highlighted it with high confidence.",Aluminum nitride,0.85,Round 3 refinement with peer support: 1,285000,China,metric tons,8450.0,22.5,0.85,Multi-agent debate consensus
Quantum Computer,Quantuminterconnects,0.95,"These enable communication between qubits, crucial for implementing algorithms. While not all agents listed it previously, its omission would significantly impact the functionality, giving this a strong consensus among those who highlighted it with high confidence.",Aluminum nitride,0.85,Round 3 refinement with peer support: 1,285000,South Korea,metric tons,3200.0,15.5,0.8,Multi-agent debate consensus
Quantum Computer,Quantuminterconnects,0.95,"These enable communication between qubits, crucial for implementing algorithms. While not all agents listed it previously, its omission would significantly impact the functionality, giving this a strong consensus among those who highlighted it with high confidence.",Aluminum nitride,0.85,Round 3 refinement with peer support: 1,285000,Germany,metric tons,2875.0,8.0,0.8,Multi-agent debate consensus
Quantum Computer,Quantuminterconnects,0.95,"These enable communication between qubits, crucial for implementing algorithms. While not all agents listed it previously, its omission would significantly impact the functionality, giving this a strong consensus among those who highlighted it with high confidence.",Aluminum nitride,0.85,Round 3 refinement with peer support: 1,285000,United States,metric tons,1450.0,5.5,0.825,Multi-agent debate consensus
Quantum Computer,Quantuminterconnects,0.95,"These enable communication between qubits, crucial for implementing algorithms. While not all agents listed it previously, its omission would significantly impact the functionality, giving this a strong consensus among those who highlighted it with high confidence.",Copper,0.7,Round 3 refinement with peer support: 0,740100,China,metric tons,721286.5,18.95,0.885,Multi-agent debate consensus
Quantum Computer,Quantuminterconnects,0.95,"These enable communication between qubits, crucial for implementing algorithms. While not all agents listed it previously, its omission would significantly impact the functionality, giving this a strong consensus among those who highlighted it with high confidence.",Copper,0.7,Round 3 refinement with peer support: 0,740100,Chile,metric tons,2439058.0,16.7,0.92,Multi-agent debate consensus
Quantum Computer,Quantuminterconnects,0.95,"These enable communication between qubits, crucial for implementing algorithms. While not all agents listed it previously, its omission would significantly impact the functionality, giving this a strong consensus among those who highlighted it with high confidence.",Copper,0.7,Round 3 refinement with peer support: 0,740100,Congo (Kinshasa),metric tons,2235000.0,15.1,0.95,Multi-agent debate consensus
Quantum Computer,Quantuminterconnects,0.95,"These enable communication between qubits, crucial for implementing algorithms. While not all agents listed it previously, its omission would significantly impact the functionality, giving this a strong consensus among those who highlighted it with high confidence.",Copper,0.7,Round 3 refinement with peer support: 0,740100,Australia,metric tons,19104.0,22.1,0.9,Multi-agent debate consensus
Quantum Computer,Quantuminterconnects,0.95,"These enable communication between qubits, crucial for implementing algorithms. While not all agents listed it previously, its omission would significantly impact the functionality, giving this a strong consensus among those who highlighted it with high confidence.",Copper,0.7,Round 3 refinement with peer support: 0,740100,"Copperbelt countries (Zambia, Congo-DRC)",metric tons,16733.0,19.4,0.95,Multi-agent debate consensus
Quantum Computer,Quantuminterconnects,0.95,"These enable communication between qubits, crucial for implementing algorithms. While not all agents listed it previously, its omission would significantly impact the functionality, giving this a strong consensus among those who highlighted it with high confidence.",Bismuth telluride,0.7,Round 3 refinement with peer support: 0,284390,China,metric tons,23333.333333333332,50.0,0.8,Multi-agent debate consensus
Quantum Computer,Quantuminterconnects,0.95,"These enable communication between qubits, crucial for implementing algorithms. While not all agents listed it previously, its omission would significantly impact the functionality, giving this a strong consensus among those who highlighted it with high confidence.",Bismuth telluride,0.7,Round 3 refinement with peer support: 0,284390,United States,metric tons,10333.333333333334,17.5,0.767,Multi-agent debate consensus
Quantum Computer,Quantuminterconnects,0.95,"These enable communication between qubits, crucial for implementing algorithms. While not all agents listed it previously, its omission would significantly impact the functionality, giving this a strong consensus among those who highlighted it with high confidence.",Bismuth telluride,0.7,Round 3 refinement with peer support: 0,284390,Japan,metric tons,6500.0,13.0,0.7,Multi-agent debate consensus
Quantum Computer,Quantuminterconnects,0.95,"These enable communication between qubits, crucial for implementing algorithms. While not all agents listed it previously, its omission would significantly impact the functionality, giving this a strong consensus among those who highlighted it with high confidence.",Bismuth telluride,0.7,Round 3 refinement with peer support: 0,284390,Canada,metric tons,3466.6666666666665,11.9,0.717,Multi-agent debate consensus
Quantum Computer,Quantuminterconnects,0.95,"These enable communication between qubits, crucial for implementing algorithms. While not all agents listed it previously, its omission would significantly impact the functionality, giving this a strong consensus among those who highlighted it with high confidence.",Bismuth telluride,0.7,Round 3 refinement with peer support: 0,284390,Germany,metric tons,3400.0,6.03,0.7,Historically produces significant amounts for industrial use; reliable data sources
Quantum Computer,Quantuminterconnects,0.95,"These enable communication between qubits, crucial for implementing algorithms. While not all agents listed it previously, its omission would significantly impact the functionality, giving this a strong consensus among those who highlighted it with high confidence.",Silver,0.7,Round 3 refinement with peer support: 0,710610,China,metric tons,32791.5,20.45,0.91,Multi-agent debate consensus
Quantum Computer,Quantuminterconnects,0.95,"These enable communication between qubits, crucial for implementing algorithms. While not all agents listed it previously, its omission would significantly impact the functionality, giving this a strong consensus among those who highlighted it with high confidence.",Silver,0.7,Round 3 refinement with peer support: 0,710610,Peru,metric tons,26340.0,16.44,0.89,Multi-agent debate consensus
Quantum Computer,Quantuminterconnects,0.95,"These enable communication between qubits, crucial for implementing algorithms. While not all agents listed it previously, its omission would significantly impact the functionality, giving this a strong consensus among those who highlighted it with high confidence.",Silver,0.7,Round 3 refinement with peer support: 0,710610,Mexico,metric tons,20735.0,12.82,0.92,Multi-agent debate consensus
Quantum Computer,Quantuminterconnects,0.95,"These enable communication between qubits, crucial for implementing algorithms. While not all agents listed it previously, its omission would significantly impact the functionality, giving this a strong consensus among those who highlighted it with high confidence.",Silver,0.7,Round 3 refinement with peer support: 0,710610,Poland,metric tons,13905.0,8.65,0.92,Multi-agent debate consensus
Quantum Computer,Quantuminterconnects,0.95,"These enable communication between qubits, crucial for implementing algorithms. While not all agents listed it previously, its omission would significantly impact the functionality, giving this a strong consensus among those who highlighted it with high confidence.",Silver,0.7,Round 3 refinement with peer support: 0,710610,Russia,metric tons,11446.5,6.78,0.9,Multi-agent debate consensus
Quantum Computer,Controlelectronics,0.85,"Essential for precisely controlling qubits, although it's less frequent in initial proposals due to complexity, it is still a key component based on industry understanding and necessity",Silicon,0.7,Round 3 refinement with peer support: 0,280469,China,metric tons,2099333.3333333335,63.33,0.89,Multi-agent debate consensus
Quantum Computer,Controlelectronics,0.85,"Essential for precisely controlling qubits, although it's less frequent in initial proposals due to complexity, it is still a key component based on industry understanding and necessity",Silicon,0.7,Round 3 refinement with peer support: 0,280469,United States,metric tons,705666.6666666666,20.0,0.857,Multi-agent debate consensus
Quantum Computer,Controlelectronics,0.85,"Essential for precisely controlling qubits, although it's less frequent in initial proposals due to complexity, it is still a key component based on industry understanding and necessity",Silicon,0.7,Round 3 refinement with peer support: 0,280469,Russia,metric tons,294466.6666666667,8.33,0.82,Multi-agent debate consensus
Quantum Computer,Controlelectronics,0.85,"Essential for precisely controlling qubits, although it's less frequent in initial proposals due to complexity, it is still a key component based on industry understanding and necessity",Silicon,0.7,Round 3 refinement with peer support: 0,280469,Japan,metric tons,90933.33333333333,2.5,0.7,Multi-agent debate consensus
Quantum Computer,Controlelectronics,0.85,"Essential for precisely controlling qubits, although it's less frequent in initial proposals due to complexity, it is still a key component based on industry understanding and necessity",Silicon,0.7,Round 3 refinement with peer support: 0,280469,India,metric tons,28872.666666666668,1.03,0.717,Multi-agent debate consensus
Quantum Computer,Controlelectronics,0.85,"Essential for precisely controlling qubits, although it's less frequent in initial proposals due to complexity, it is still a key component based on industry understanding and necessity",Aluminum,0.7,Round 3 refinement with peer support: 0,280300,China,metric tons,27950000.0,43.9,0.935,Multi-agent debate consensus
Quantum Computer,Controlelectronics,0.85,"Essential for precisely controlling qubits, although it's less frequent in initial proposals due to complexity, it is still a key component based on industry understanding and necessity",Aluminum,0.7,Round 3 refinement with peer support: 0,280300,Russia,metric tons,4460000.0,14.3,0.895,Multi-agent debate consensus
Quantum Computer,Controlelectronics,0.85,"Essential for precisely controlling qubits, although it's less frequent in initial proposals due to complexity, it is still a key component based on industry understanding and necessity",Aluminum,0.7,Round 3 refinement with peer support: 0,280300,Canada,metric tons,2222500.0,6.25,0.83,Major bauxite reserve holder; verified mining data.
Quantum Computer,Controlelectronics,0.85,"Essential for precisely controlling qubits, although it's less frequent in initial proposals due to complexity, it is still a key component based on industry understanding and necessity",Aluminum,0.7,Round 3 refinement with peer support: 0,280300,India,metric tons,1534000.0,2.93,0.703,Growing production; data from national geological surveys.
Quantum Computer,Controlelectronics,0.85,"Essential for precisely controlling qubits, although it's less frequent in initial proposals due to complexity, it is still a key component based on industry understanding and necessity",Aluminum,0.7,Round 3 refinement with peer support: 0,280300,United States,metric tons,1982500.0,6.9,0.86,Multi-agent debate consensus
Quantum Computer,Controlelectronics,0.85,"Essential for precisely controlling qubits, although it's less frequent in initial proposals due to complexity, it is still a key component based on industry understanding and necessity",Ammonium sulfate,0.7,Round 3 refinement with peer support: 0,310240,China,metric tons,590663.2000000001,40.4,0.833,Primary producer with reliable data from the Chinese Ministry of Industry and Information Technology; represents ~45% of global production.
Quantum Computer,Controlelectronics,0.85,"Essential for precisely controlling qubits, although it's less frequent in initial proposals due to complexity, it is still a key component based on industry understanding and necessity",Ammonium sulfate,0.7,Round 3 refinement with peer support: 0,310240,United States,metric tons,137883.13333333333,9.1,0.8,Multi-agent debate consensus
Quantum Computer,Controlelectronics,0.85,"Essential for precisely controlling qubits, although it's less frequent in initial proposals due to complexity, it is still a key component based on industry understanding and necessity",Ammonium sulfate,0.7,Round 3 refinement with peer support: 0,310240,India,metric tons,160129.43333333332,9.27,0.733,Second largest producer; data from the Indian Chemical Laboratory is well-documented but has some estimation gaps.
Quantum Computer,Controlelectronics,0.85,"Essential for precisely controlling qubits, although it's less frequent in initial proposals due to complexity, it is still a key component based on industry understanding and necessity",Ammonium sulfate,0.7,Round 3 refinement with peer support: 0,310240,Brazil,metric tons,159635.65,9.4,0.725,Third largest producer with significant local demand; data from Brazilian Ministry of Mines and Energy is accurate.
Quantum Computer,Controlelectronics,0.85,"Essential for precisely controlling qubits, although it's less frequent in initial proposals due to complexity, it is still a key component based on industry understanding and necessity",Ammonium sulfate,0.7,Round 3 refinement with peer support: 0,310240,Germany,metric tons,49149.05,4.75,0.75,Main European producer; robust data from the Federal Institute for Geosciences and Natural Resources (BGR) is accurate.
Quantum Computer,Errorcorrectionsystem,0.7,"While error correction is critical, its implementation can vary widely, leading to more variability among proposals. The need for strong error handling justifies a moderately confident inclusion.",Bismuth telluride,0.85,Round 3 refinement with peer support: 1,284390,China,metric tons,23333.333333333332,50.0,0.8,Multi-agent debate consensus
Quantum Computer,Errorcorrectionsystem,0.7,"While error correction is critical, its implementation can vary widely, leading to more variability among proposals. The need for strong error handling justifies a moderately confident inclusion.",Bismuth telluride,0.85,Round 3 refinement with peer support: 1,284390,United States,metric tons,10333.333333333334,17.5,0.767,Multi-agent debate consensus
Quantum Computer,Errorcorrectionsystem,0.7,"While error correction is critical, its implementation can vary widely, leading to more variability among proposals. The need for strong error handling justifies a moderately confident inclusion.",Bismuth telluride,0.85,Round 3 refinement with peer support: 1,284390,Japan,metric tons,6500.0,13.0,0.7,Multi-agent debate consensus
Quantum Computer,Errorcorrectionsystem,0.7,"While error correction is critical, its implementation can vary widely, leading to more variability among proposals. The need for strong error handling justifies a moderately confident inclusion.",Bismuth telluride,0.85,Round 3 refinement with peer support: 1,284390,Canada,metric tons,3466.6666666666665,11.9,0.717,Multi-agent debate consensus
Quantum Computer,Errorcorrectionsystem,0.7,"While error correction is critical, its implementation can vary widely, leading to more variability among proposals. The need for strong error handling justifies a moderately confident inclusion.",Bismuth telluride,0.85,Round 3 refinement with peer support: 1,284390,Germany,metric tons,3400.0,6.03,0.7,Historically produces significant amounts for industrial use; reliable data sources
Quantum Computer,Errorcorrectionsystem,0.7,"While error correction is critical, its implementation can vary widely, leading to more variability among proposals. The need for strong error handling justifies a moderately confident inclusion.",Boron trioxide,0.85,Round 3 refinement with peer support: 1,281000,China,metric tons,219750.0,52.5,0.825,Based on Chinese industry reports and market analysis; significant production concentrated here.
Quantum Computer,Errorcorrectionsystem,0.7,"While error correction is critical, its implementation can vary widely, leading to more variability among proposals. The need for strong error handling justifies a moderately confident inclusion.",Boron trioxide,0.85,Round 3 refinement with peer support: 1,281000,India,metric tons,19350.0,8.0,0.8,Reports from the International Minerals and Metalliferous Manufacturers' Association (IMMMA) indicate consistent production levels.
Quantum Computer,Errorcorrectionsystem,0.7,"While error correction is critical, its implementation can vary widely, leading to more variability among proposals. The need for strong error handling justifies a moderately confident inclusion.",Boron trioxide,0.85,Round 3 refinement with peer support: 1,281000,Japan,metric tons,46650.0,8.5,0.775,Multi-agent debate consensus
Quantum Computer,Errorcorrectionsystem,0.7,"While error correction is critical, its implementation can vary widely, leading to more variability among proposals. The need for strong error handling justifies a moderately confident inclusion.",Boron trioxide,0.85,Round 3 refinement with peer support: 1,281000,Turkey,metric tons,12700.0,4.0,0.81,Industry reports from Turkish Ministry of Industry and Technology; notable presence in Middle East.
Quantum Computer,Errorcorrectionsystem,0.7,"While error correction is critical, its implementation can vary widely, leading to more variability among proposals. The need for strong error handling justifies a moderately confident inclusion.",Boron trioxide,0.85,Round 3 refinement with peer support: 1,281000,United States,metric tons,1800.0,12.0,0.9,Data from U.S. Geological Survey (USGS) and industry sources; dominant producer in North America.
Quantum Computer,Errorcorrectionsystem,0.7,"While error correction is critical, its implementation can vary widely, leading to more variability among proposals. The need for strong error handling justifies a moderately confident inclusion.",Barium titanate,0.7,Round 3 refinement with peer support: 0,282590,Japan,metric tons,9200.0,24.33,0.833,Second largest producer with robust refining operations; USGS verified.
Quantum Computer,Errorcorrectionsystem,0.7,"While error correction is critical, its implementation can vary widely, leading to more variability among proposals. The need for strong error handling justifies a moderately confident inclusion.",Barium titanate,0.7,Round 3 refinement with peer support: 0,282590,China,metric tons,14806.666666666666,32.33,0.85,Leading in barium and titanium production; comprehensive industrial presence.
Quantum Computer,Errorcorrectionsystem,0.7,"While error correction is critical, its implementation can vary widely, leading to more variability among proposals. The need for strong error handling justifies a moderately confident inclusion.",Barium titanate,0.7,Round 3 refinement with peer support: 0,282590,United States,metric tons,6133.333333333333,14.33,0.783,Major player in advanced materials research and production.
Quantum Computer,Errorcorrectionsystem,0.7,"While error correction is critical, its implementation can vary widely, leading to more variability among proposals. The need for strong error handling justifies a moderately confident inclusion.",Barium titanate,0.7,Round 3 refinement with peer support: 0,282590,Germany,metric tons,6560.0,11.67,0.783,Europe's largest producer with advanced facilities; industry data supported.
Quantum Computer,Errorcorrectionsystem,0.7,"While error correction is critical, its implementation can vary widely, leading to more variability among proposals. The need for strong error handling justifies a moderately confident inclusion.",Barium titanate,0.7,Round 3 refinement with peer support: 0,282590,South Korea,metric tons,2573.3333333333335,9.17,0.767,Rapidly growing in the materials sector.
