Technology,Component
Smartphone,Chipset (SoC)
Smartphone,Display
Smartphone,PCB
Smartphone,Board-to-board connectors
Smartphone,Camera
Smartphone,Speaker and earpiece
Smartphone,Microphone
Smartphone,Antenna
Smartphone,Chasis/back cover
Smartphone,Buttons
Smartphone,Battery
Smartphone,Charging port
Smartphone,touchscreen
Smartphone,camaras
Smartphone,GPS
Smartphone,metal–oxide–semiconductor
Smartphone,integrated circuit (IC) chips
Smartphone,accelerometers
Smartphone,barometers
Smartphone,gyroscopes
Smartphone,Flash memory
Smartphone,RF transceiver
Smartphone,System-on-a-Chip ( SOC)
Smartphone,Flash memory
Smartphone,Cellular modem
Smartphone,RF transceiver
Smartphone,Phone camera Image sensor
Smartphone,Power management IC
Smartphone,Display driver
Smartphone,Wifi chip
Smartphone,Sound chip
Smartphone,Capacitive touchscreen
Smartphone,RF Power amplifier
Smartphone,Buttons
Smartphone,Accelerometer
Smartphone,Gyroscope
Smartphone,Ambient Light sensor
Smartphone,Lithium-Ion Rechargeable Battery
Smartphone,Microphone
Smartphone,Loudspeaker
Smartphone,Vibration unit
Single-use bioreactor,Jacketed tank
Single-use bioreactor,Motor and control system for agitation mechanism
Single-use bioreactor,"Optional systems for pH, temperature, sterilzation, modulation"
Single-use bioreactor,Optional Integrated control system
Single-use bioreactor,Exhaust Gas Condenser Controller
Single-use bioreactor,Exhaust Condenser
Single-use bioreactor,Tubing
Single-use bioreactor,Vent heater jack
Single-use bioreactor,Electric heater mat
Single-use bioreactor,Impeller
Single-use bioreactor,Disposable polyethylene bag
Single-use bioreactor,Impeller for agitation
Single-use bioreactor,Spargers
Single-use bioreactor,Exhaust Filters
Single-use bioreactor,Sensors
Single-use bioreactor,Tubing
Single-use bioreactor,Stainless Steel tote
Rotary tablet press,Turret
Rotary tablet press,Dies
Rotary tablet press,Punches
Rotary tablet press,Cams
Rotary tablet press,Control system
Rotary tablet press,Motors
Rotary tablet press,Gearboxes
Rotary tablet press,Feeder system
Rotary tablet press,Stainless steel walls and support columns for the structure
Rotary tablet press,Hopper
Rotary tablet press,Feeder
Rotary tablet press,Compression Zone
Rotary tablet press,Turret
Rotary tablet press,Cam and the Cam Tracks
Rotary tablet press,Control Panel
Rotary tablet press,Casing
Rotary tablet press,Turret
Rotary tablet press,Dies
Rotary tablet press,Punches
Rotary tablet press,Hopper
Rotary tablet press,Feeder
Rotary tablet press,Cam track system
Rotary tablet press,Electric motors
Rotary tablet press,Gearbox
Rotary tablet press,Drive shaft
Rotary tablet press,Ejection system
Rotary tablet press,Control Panel
Rotary tablet press,Frame
Pharmaceutical Lyophilizer,Refirigation system
Pharmaceutical Lyophilizer,Vaccum system
Pharmaceutical Lyophilizer,Ice condenser
Pharmaceutical Lyophilizer,Product Chamber
Pharmaceutical Lyophilizer,Shelf system
Pharmaceutical Lyophilizer,Control system
Pharmaceutical Lyophilizer,Heat Transfer Fluid (HTF) System
Pharmaceutical Lyophilizer,Heater
Pharmaceutical Lyophilizer,vacuum chamber
Pharmaceutical Lyophilizer,Hollow shelves
Pharmaceutical Lyophilizer,Heat transfer fluid
Pharmaceutical Lyophilizer,condenser
Pharmaceutical Lyophilizer,mechanical or cryogenic refrigeration
Pharmaceutical Lyophilizer,heater
Pharmaceutical Lyophilizer,vacuum pump
Pharmaceutical Lyophilizer,Control hardware and software system
