technology,config,n,stability_mean_jaccard,not_plausible_rate_occurrence,precision_proxy_occurrence,not_plausible_rate_dedup_canon,precision_proxy_dedup_canon,produced_components_median,silver_recall_proxy,final_convergence_mean,rounds_mean,runtime_seconds
5G Base Station (Macro Cell),v1v1v1,1,0.146172,0.000000,1.000000,0.000000,1.000000,3.000000,0.416667,0.899000,1.000000,56.792
5G Base Station (Macro Cell),d2v1v1,2,0.265564,0.000000,1.000000,0.000000,1.000000,5.000000,0.750000,0.840600,1.400000,2557.717
5G Base Station (Macro Cell),d3v1v1,3,0.317627,0.000000,1.000000,0.000000,1.000000,5.500000,0.750000,0.876000,1.750000,159.875
5G Base Station (Macro Cell),d4v1v1,4,0.245380,0.000000,1.000000,0.000000,1.000000,4.000000,0.583333,0.853800,2.000000,6194.850
5G Base Station (Macro Cell),d5v1v1,5,0.236674,0.000000,1.000000,0.000000,1.000000,4.000000,0.666667,0.923000,1.800000,6428.935
AESA Radar Module (Military),v1v1v1,1,0.081502,0.000000,1.000000,0.000000,1.000000,6.000000,0.368421,0.894800,1.000000,56.792
AESA Radar Module (Military),d2v1v1,2,0.111190,0.043478,0.956522,0.100000,0.900000,4.000000,0.473684,0.962000,2.200000,2557.717
AESA Radar Module (Military),d3v1v1,3,0.138315,0.000000,1.000000,0.000000,1.000000,6.000000,0.736842,0.975800,2.200000,159.875
AESA Radar Module (Military),d4v1v1,4,0.127584,0.027778,0.972222,0.071429,0.928571,7.500000,0.684211,0.889000,2.250000,6194.850
AESA Radar Module (Military),d5v1v1,5,0.286667,0.041667,0.958333,0.100000,0.900000,5.000000,0.473684,0.977200,2.200000,6428.935
Automated Guided Vehicle (AGV) Controller,v1v1v1,1,0.082766,0.000000,1.000000,0.000000,1.000000,3.000000,0.266667,0.863400,1.000000,56.792
Automated Guided Vehicle (AGV) Controller,d2v1v1,2,0.051389,0.000000,1.000000,0.000000,1.000000,4.000000,0.600000,0.955600,2.400000,2557.717
Automated Guided Vehicle (AGV) Controller,d3v1v1,3,0.309960,0.000000,1.000000,0.000000,1.000000,2.000000,0.400000,1.000000,2.200000,159.875
Automated Guided Vehicle (AGV) Controller,d4v1v1,4,0.157179,0.000000,1.000000,0.000000,1.000000,5.000000,0.666667,0.893000,2.400000,6194.850
Automated Guided Vehicle (AGV) Controller,d5v1v1,5,0.169936,0.000000,1.000000,0.000000,1.000000,4.000000,0.533333,0.920250,2.000000,6428.935
Automotive ECU (Engine Control Unit),v1v1v1,1,0.162729,0.384615,0.615385,0.166667,0.833333,3.000000,0.500000,0.921200,1.000000,56.792
Automotive ECU (Engine Control Unit),d2v1v1,2,0.189615,0.272727,0.727273,0.142857,0.857143,4.000000,0.600000,0.883400,1.600000,2557.717
Automotive ECU (Engine Control Unit),d3v1v1,3,0.172674,0.230769,0.769231,0.250000,0.750000,4.000000,0.600000,0.860400,1.800000,159.875
Automotive ECU (Engine Control Unit),d4v1v1,4,0.235991,0.260870,0.739130,0.142857,0.857143,5.000000,0.600000,0.965400,2.000000,6194.850
Automotive ECU (Engine Control Unit),d5v1v1,5,0.238607,0.428571,0.571429,0.363636,0.636364,5.000000,0.700000,0.840800,2.400000,6428.935
Automotive LED Headlamp Module,v1v1v1,1,0.167181,0.111111,0.888889,0.111111,0.888889,6.000000,0.444444,0.902200,1.000000,56.792
Automotive LED Headlamp Module,d2v1v1,2,0.061905,0.037037,0.962963,0.111111,0.888889,5.000000,0.444444,1.000000,2.000000,2557.717
Automotive LED Headlamp Module,d3v1v1,3,0.139177,0.000000,1.000000,0.000000,1.000000,4.000000,0.555556,1.000000,2.000000,159.875
Automotive LED Headlamp Module,d4v1v1,4,0.180866,0.000000,1.000000,0.000000,1.000000,6.000000,0.555556,0.930200,2.600000,6194.850
Automotive LED Headlamp Module,d5v1v1,5,0.151249,0.066667,0.933333,0.083333,0.916667,5.000000,0.611111,0.829800,1.600000,6428.935
Automotive Night Vision System,v1v1v1,1,0.054848,0.000000,1.000000,0.000000,1.000000,3.000000,0.428571,0.866000,1.000000,56.792
Automotive Night Vision System,d2v1v1,2,0.053333,0.000000,1.000000,0.000000,1.000000,2.000000,0.357143,1.000000,2.200000,2557.717
Automotive Night Vision System,d3v1v1,3,0.097421,0.055556,0.944444,0.250000,0.750000,3.000000,0.214286,0.908600,2.000000,159.875
Automotive Night Vision System,d4v1v1,4,0.016667,0.000000,1.000000,0.000000,1.000000,5.000000,0.857143,0.921600,2.200000,6194.850
Automotive Night Vision System,d5v1v1,5,0.058182,0.076923,0.923077,0.111111,0.888889,4.000000,0.571429,0.945800,2.600000,6428.935
Automotive Tire Pressure Monitoring System (TPMS),v1v1v1,1,0.026515,0.185185,0.814815,0.200000,0.800000,4.000000,0.500000,0.871000,1.000000,56.792
Automotive Tire Pressure Monitoring System (TPMS),d2v1v1,2,0.000000,0.166667,0.833333,0.000000,1.000000,2.500000,0.750000,0.885600,1.600000,2557.717
Automotive Tire Pressure Monitoring System (TPMS),d3v1v1,3,0.012500,0.000000,1.000000,0.000000,1.000000,3.000000,0.875000,0.955600,2.200000,159.875
Automotive Tire Pressure Monitoring System (TPMS),d4v1v1,4,0.047662,0.000000,1.000000,0.000000,1.000000,4.000000,0.750000,0.950000,2.400000,6194.850
Automotive Tire Pressure Monitoring System (TPMS),d5v1v1,5,0.011111,0.000000,1.000000,0.000000,1.000000,3.000000,0.875000,0.856800,2.200000,6428.935
Autonomous Vehicle Compute Platform,v1v1v1,1,0.123897,0.026316,0.973684,0.111111,0.888889,4.000000,0.500000,0.880400,1.000000,56.792
Autonomous Vehicle Compute Platform,d2v1v1,2,0.047614,0.071429,0.928571,0.100000,0.900000,5.000000,0.562500,0.889000,1.800000,2557.717
Autonomous Vehicle Compute Platform,d3v1v1,3,0.103309,0.027778,0.972222,0.083333,0.916667,4.000000,0.687500,0.930400,2.400000,159.875
Autonomous Vehicle Compute Platform,d4v1v1,4,0.228564,0.051282,0.948718,0.090909,0.909091,6.000000,0.625000,0.820200,1.800000,6194.850
Autonomous Vehicle Compute Platform,d5v1v1,5,0.125801,0.000000,1.000000,0.000000,1.000000,3.000000,0.562500,0.930000,2.200000,6428.935
CNC Machine Tool Controller,v1v1v1,1,0.133549,0.027027,0.972973,0.000000,1.000000,5.000000,0.538462,0.872800,1.000000,56.792
CNC Machine Tool Controller,d2v1v1,2,0.146676,0.076923,0.923077,0.142857,0.857143,4.000000,0.538462,0.933400,2.200000,2557.717
CNC Machine Tool Controller,d3v1v1,3,0.170875,0.083333,0.916667,0.000000,1.000000,5.000000,0.846154,0.945200,1.800000,159.875
CNC Machine Tool Controller,d4v1v1,4,0.335031,0.117647,0.882353,0.000000,1.000000,5.000000,0.538462,0.850600,1.800000,6194.850
CNC Machine Tool Controller,d5v1v1,5,0.218623,0.108108,0.891892,0.111111,0.888889,5.000000,0.692308,0.881800,2.000000,6428.935
CT Scanner,v1v1v1,1,0.304882,0.000000,1.000000,0.000000,1.000000,8.000000,0.769231,0.919600,1.000000,56.792
CT Scanner,d2v1v1,2,0.233806,0.000000,1.000000,0.000000,1.000000,6.000000,0.692308,0.866400,2.000000,2557.717
CT Scanner,d3v1v1,3,0.215909,0.000000,1.000000,0.000000,1.000000,6.000000,0.692308,0.926000,2.200000,159.875
CT Scanner,d4v1v1,4,0.353035,0.000000,1.000000,0.000000,1.000000,7.000000,0.769231,0.931400,2.000000,6194.850
CT Scanner,d5v1v1,5,0.299356,0.000000,1.000000,0.000000,1.000000,7.000000,0.846154,0.778200,1.600000,6428.935
Collaborative Robot (Cobot) Arm,v1v1v1,1,0.063539,0.054054,0.945946,0.000000,1.000000,6.000000,0.700000,0.883400,1.000000,56.792
Collaborative Robot (Cobot) Arm,d2v1v1,2,0.032500,0.062500,0.937500,0.200000,0.800000,2.000000,0.400000,0.902200,2.200000,2557.717
Collaborative Robot (Cobot) Arm,d3v1v1,3,0.072758,0.035714,0.964286,0.000000,1.000000,2.000000,0.500000,0.899200,2.200000,159.875
Collaborative Robot (Cobot) Arm,d4v1v1,4,0.109467,0.064516,0.935484,0.222222,0.777778,4.000000,0.700000,0.915000,2.400000,6194.850
Collaborative Robot (Cobot) Arm,d5v1v1,5,0.112839,0.034483,0.965517,0.125000,0.875000,4.000000,0.700000,0.939800,2.600000,6428.935
Contactless Payment Card,v1v1v1,1,0.028182,0.250000,0.750000,0.000000,1.000000,2.000000,0.500000,0.878400,1.000000,56.792
Contactless Payment Card,d2v1v1,2,0.065000,0.000000,1.000000,0.000000,1.000000,3.000000,0.500000,0.946600,2.200000,2557.717
Contactless Payment Card,d3v1v1,3,0.081905,0.000000,1.000000,0.000000,1.000000,3.000000,0.875000,0.946600,2.000000,159.875
Contactless Payment Card,d4v1v1,4,0.061905,0.062500,0.937500,0.000000,1.000000,3.000000,0.625000,1.000000,2.600000,6194.850
Contactless Payment Card,d5v1v1,5,0.113571,0.133333,0.866667,0.166667,0.833333,3.000000,0.625000,0.920000,2.600000,6428.935
CubeSat On-Board Computer,v1v1v1,1,0.096960,0.078947,0.921053,0.200000,0.800000,6.000000,0.571429,0.875400,1.000000,56.792
CubeSat On-Board Computer,d2v1v1,2,0.089841,0.263158,0.736842,0.250000,0.750000,3.000000,0.428571,0.965400,2.200000,2557.717
CubeSat On-Board Computer,d3v1v1,3,0.046786,0.173913,0.826087,0.100000,0.900000,4.000000,0.642857,0.966600,2.400000,159.875
CubeSat On-Board Computer,d4v1v1,4,0.137045,0.173913,0.826087,0.222222,0.777778,4.000000,0.500000,0.943600,2.800000,6194.850
CubeSat On-Board Computer,d5v1v1,5,0.096717,0.153846,0.846154,0.200000,0.800000,5.000000,0.571429,0.920600,2.600000,6428.935
Data Center Server,v1v1v1,1,0.141005,0.113636,0.886364,0.285714,0.714286,4.000000,0.555556,0.915000,1.000000,56.792
Data Center Server,d2v1v1,2,0.216126,0.160000,0.840000,0.333333,0.666667,8.000000,0.888889,0.847200,1.000000,2557.717
Data Center Server,d3v1v1,3,0.260525,0.083333,0.916667,0.200000,0.800000,7.000000,0.888889,0.909600,1.200000,159.875
Data Center Server,d4v1v1,4,0.288672,0.053571,0.946429,0.111111,0.888889,6.000000,0.888889,0.857400,1.400000,6194.850
Data Center Server,d5v1v1,5,0.283983,0.070175,0.929825,0.222222,0.777778,6.000000,0.777778,0.955600,1.600000,6428.935
Digital Signage Player,v1v1v1,1,0.036813,0.085714,0.914286,0.250000,0.750000,3.000000,0.500000,0.891400,1.000000,56.792
Digital Signage Player,d2v1v1,2,0.153333,0.000000,1.000000,0.000000,1.000000,3.000000,0.500000,1.000000,2.400000,2557.717
Digital Signage Player,d3v1v1,3,0.081307,0.181818,0.818182,0.250000,0.750000,5.000000,0.500000,0.910200,2.000000,159.875
Digital Signage Player,d4v1v1,4,0.265092,0.206897,0.793103,0.250000,0.750000,5.000000,0.500000,0.943000,2.000000,6194.850
Digital Signage Player,d5v1v1,5,0.070054,0.162162,0.837838,0.375000,0.625000,3.000000,0.416667,0.922600,2.400000,6428.935
Drone Flight Controller,v1v1v1,1,0.162051,0.461538,0.538462,0.333333,0.666667,4.000000,0.500000,0.842600,1.000000,56.792
Drone Flight Controller,d2v1v1,2,0.192784,0.315789,0.684211,0.000000,1.000000,2.000000,0.625000,0.962000,2.200000,2557.717
Drone Flight Controller,d3v1v1,3,0.164740,0.240000,0.760000,0.142857,0.857143,3.000000,0.750000,0.946600,2.200000,159.875
Drone Flight Controller,d4v1v1,4,0.321712,0.346154,0.653846,0.166667,0.833333,3.000000,0.625000,0.973400,2.200000,6194.850
Drone Flight Controller,d5v1v1,5,0.192231,0.206897,0.793103,0.142857,0.857143,4.000000,0.750000,0.881200,2.200000,6428.935
EV On-Board Charger,v1v1v1,1,0.052198,0.027027,0.972973,0.125000,0.875000,5.000000,0.700000,0.897000,1.000000,56.792
EV On-Board Charger,d2v1v1,2,0.024286,0.045455,0.954545,0.111111,0.888889,4.000000,0.800000,0.905600,2.200000,2557.717
EV On-Board Charger,d3v1v1,3,0.164343,0.000000,1.000000,0.000000,1.000000,4.000000,0.600000,0.966600,2.600000,159.875
EV On-Board Charger,d4v1v1,4,0.132186,0.103448,0.896552,0.200000,0.800000,5.000000,0.800000,0.977800,2.000000,6194.850
EV On-Board Charger,d5v1v1,5,0.157976,0.035714,0.964286,0.111111,0.888889,5.000000,0.800000,0.842800,2.200000,6428.935
EV Traction Inverter,v1v1v1,1,0.088645,0.054054,0.945946,0.000000,1.000000,4.000000,0.545455,0.906000,1.000000,56.792
EV Traction Inverter,d2v1v1,2,0.225313,0.000000,1.000000,0.000000,1.000000,4.000000,0.636364,1.000000,1.400000,2557.717
EV Traction Inverter,d3v1v1,3,0.143665,0.057143,0.942857,0.250000,0.750000,4.000000,0.545455,0.913800,2.200000,159.875
EV Traction Inverter,d4v1v1,4,0.133106,0.032258,0.967742,0.111111,0.888889,3.500000,0.727273,0.827500,1.750000,6194.850
EV Traction Inverter,d5v1v1,5,0.175462,0.111111,0.888889,0.100000,0.900000,5.000000,0.818182,0.832000,1.800000,6428.935
Edge AI Inference Box,v1v1v1,1,0.064432,0.000000,1.000000,0.000000,1.000000,2.000000,0.363636,0.892000,1.000000,56.792
Edge AI Inference Box,d2v1v1,2,0.110175,0.000000,1.000000,0.000000,1.000000,5.000000,0.818182,0.870600,1.400000,2557.717
Edge AI Inference Box,d3v1v1,3,0.067381,0.000000,1.000000,0.000000,1.000000,4.000000,0.727273,0.896400,2.200000,159.875
Edge AI Inference Box,d4v1v1,4,0.218818,0.000000,1.000000,0.000000,1.000000,5.000000,0.818182,0.888400,1.800000,6194.850
Edge AI Inference Box,d5v1v1,5,0.168201,0.000000,1.000000,0.000000,1.000000,4.500000,0.636364,0.862750,2.500000,6428.935
Electronic Warfare Jammer Pod,v1v1v1,1,0.192569,0.000000,1.000000,0.000000,1.000000,6.000000,0.473684,0.890000,1.000000,56.792
Electronic Warfare Jammer Pod,d2v1v1,2,0.167366,0.000000,1.000000,0.000000,1.000000,5.000000,0.578947,0.925000,1.600000,2557.717
Electronic Warfare Jammer Pod,d3v1v1,3,0.138912,0.000000,1.000000,0.000000,1.000000,4.000000,0.368421,0.871600,1.800000,159.875
Electronic Warfare Jammer Pod,d4v1v1,4,0.169685,0.024390,0.975610,0.076923,0.923077,7.000000,0.631579,0.871200,1.800000,6194.850
Electronic Warfare Jammer Pod,d5v1v1,5,0.113803,0.000000,1.000000,0.000000,1.000000,5.000000,0.473684,0.800600,2.200000,6428.935
Enterprise Storage Array (SAN),v1v1v1,1,0.072834,0.000000,1.000000,0.000000,1.000000,5.000000,0.500000,0.887000,1.000000,56.792
Enterprise Storage Array (SAN),d2v1v1,2,0.108129,0.000000,1.000000,0.000000,1.000000,4.000000,0.571429,0.885400,1.600000,2557.717
Enterprise Storage Array (SAN),d3v1v1,3,0.095864,0.000000,1.000000,0.000000,1.000000,5.000000,0.642857,0.936400,2.000000,159.875
Enterprise Storage Array (SAN),d4v1v1,4,0.115496,0.000000,1.000000,0.000000,1.000000,5.000000,0.642857,0.937600,2.200000,6194.850
Enterprise Storage Array (SAN),d5v1v1,5,0.082506,0.000000,1.000000,0.000000,1.000000,4.000000,0.714286,0.858200,2.400000,6428.935
Face Recognition Access Control System,v1v1v1,1,0.045833,0.000000,1.000000,0.000000,1.000000,5.000000,0.666667,0.879200,1.000000,56.792
Face Recognition Access Control System,d2v1v1,2,0.092289,0.000000,1.000000,0.000000,1.000000,4.000000,0.750000,0.950000,2.000000,2557.717
Face Recognition Access Control System,d3v1v1,3,0.151613,0.000000,1.000000,0.000000,1.000000,5.000000,0.583333,0.935400,2.000000,159.875
Face Recognition Access Control System,d4v1v1,4,0.103192,0.000000,1.000000,0.000000,1.000000,5.000000,0.750000,0.943400,2.600000,6194.850
Face Recognition Access Control System,d5v1v1,5,0.106632,0.041667,0.958333,0.111111,0.888889,4.000000,0.666667,0.873600,2.200000,6428.935
Fiber-Optic Communication Terminal,v1v1v1,1,0.056410,0.100000,0.900000,0.090909,0.909091,6.000000,0.769231,0.884400,1.000000,56.792
Fiber-Optic Communication Terminal,d2v1v1,2,0.077976,0.000000,1.000000,0.000000,1.000000,3.500000,0.692308,0.968750,2.000000,2557.717
Fiber-Optic Communication Terminal,d3v1v1,3,0.167677,0.000000,1.000000,0.000000,1.000000,4.500000,0.846154,1.000000,2.500000,159.875
Fiber-Optic Communication Terminal,d4v1v1,4,0.172273,0.000000,1.000000,0.000000,1.000000,5.000000,0.692308,0.885800,2.000000,6194.850
Fiber-Optic Communication Terminal,d5v1v1,5,0.252183,0.000000,1.000000,0.000000,1.000000,4.000000,0.692308,0.901400,2.200000,6428.935
Fiber-Optic Illumination System,v1v1v1,1,0.045606,0.000000,1.000000,0.000000,1.000000,5.000000,0.500000,0.873400,1.000000,56.792
Fiber-Optic Illumination System,d2v1v1,2,0.093333,0.133333,0.866667,0.142857,0.857143,3.000000,0.500000,1.000000,2.200000,2557.717
Fiber-Optic Illumination System,d3v1v1,3,0.060185,0.000000,1.000000,0.000000,1.000000,2.500000,0.357143,1.000000,2.500000,159.875
Fiber-Optic Illumination System,d4v1v1,4,0.048773,0.083333,0.916667,0.142857,0.857143,5.000000,0.500000,0.888000,2.400000,6194.850
Fiber-Optic Illumination System,d5v1v1,5,0.047500,0.041667,0.958333,0.111111,0.888889,3.000000,0.642857,0.878200,2.200000,6428.935
GPS Timing Receiver,v1v1v1,1,0.085934,0.135135,0.864865,0.000000,1.000000,6.000000,0.615385,0.886200,1.000000,56.792
GPS Timing Receiver,d2v1v1,2,0.114286,0.000000,1.000000,0.000000,1.000000,4.000000,0.615385,0.955600,2.000000,2557.717
GPS Timing Receiver,d3v1v1,3,0.167392,0.083333,0.916667,0.000000,1.000000,5.000000,0.461538,0.955600,2.000000,159.875
GPS Timing Receiver,d4v1v1,4,0.130453,0.068966,0.931034,0.000000,1.000000,5.000000,0.769231,0.818600,2.000000,6194.850
GPS Timing Receiver,d5v1v1,5,0.121407,0.040000,0.960000,0.000000,1.000000,6.000000,0.538462,0.848200,2.000000,6428.935
Hearing Aid,v1v1v1,1,0.182637,0.142857,0.857143,0.200000,0.800000,3.000000,0.307692,0.870800,1.000000,56.792
Hearing Aid,d2v1v1,2,0.139313,0.235294,0.764706,0.090909,0.909091,5.000000,0.769231,0.917800,1.800000,2557.717
Hearing Aid,d3v1v1,3,0.254074,0.148148,0.851852,0.100000,0.900000,5.000000,0.692308,0.848200,1.800000,159.875
Hearing Aid,d4v1v1,4,0.194915,0.090909,0.909091,0.111111,0.888889,5.000000,0.615385,0.882800,1.600000,6194.850
Hearing Aid,d5v1v1,5,0.243636,0.083333,0.916667,0.111111,0.888889,3.000000,0.615385,0.888600,2.000000,6428.935
Implantable Cardiac Defibrillator (ICD),v1v1v1,1,0.044432,0.000000,1.000000,0.000000,1.000000,4.000000,0.312500,0.897600,1.000000,56.792
Implantable Cardiac Defibrillator (ICD),d2v1v1,2,0.162821,0.000000,1.000000,0.000000,1.000000,4.000000,0.500000,0.898400,2.000000,2557.717
Implantable Cardiac Defibrillator (ICD),d3v1v1,3,0.064311,0.000000,1.000000,0.000000,1.000000,4.000000,0.562500,0.966600,2.000000,159.875
Implantable Cardiac Defibrillator (ICD),d4v1v1,4,0.088288,0.000000,1.000000,0.000000,1.000000,6.000000,0.625000,0.935400,2.600000,6194.850
Implantable Cardiac Defibrillator (ICD),d5v1v1,5,0.089207,0.000000,1.000000,0.000000,1.000000,4.000000,0.687500,0.902400,2.200000,6428.935
Industrial IoT Gateway,v1v1v1,1,0.006667,0.000000,1.000000,0.000000,1.000000,4.000000,0.642857,0.873800,1.000000,56.792
Industrial IoT Gateway,d2v1v1,2,0.055931,0.000000,1.000000,0.000000,1.000000,4.000000,0.642857,0.940000,2.000000,2557.717
Industrial IoT Gateway,d3v1v1,3,0.035397,0.000000,1.000000,0.000000,1.000000,4.000000,0.571429,0.851200,1.800000,159.875
Industrial IoT Gateway,d4v1v1,4,0.046841,0.000000,1.000000,0.000000,1.000000,4.500000,0.714286,0.842000,2.000000,6194.850
Industrial IoT Gateway,d5v1v1,5,0.038333,0.040000,0.960000,0.100000,0.900000,5.000000,0.642857,0.823600,2.200000,6428.935
Industrial Motor Drive (Variable Frequency),v1v1v1,1,0.013810,0.000000,1.000000,0.000000,1.000000,5.000000,0.437500,0.894000,1.000000,56.792
Industrial Motor Drive (Variable Frequency),d2v1v1,2,0.103773,0.000000,1.000000,0.000000,1.000000,4.000000,0.437500,1.000000,2.000000,2557.717
Industrial Motor Drive (Variable Frequency),d3v1v1,3,0.075215,0.000000,1.000000,0.000000,1.000000,4.000000,0.562500,0.970400,1.600000,159.875
Industrial Motor Drive (Variable Frequency),d4v1v1,4,0.112249,0.000000,1.000000,0.000000,1.000000,5.000000,0.687500,0.870400,1.600000,6194.850
Industrial Motor Drive (Variable Frequency),d5v1v1,5,0.135638,0.024390,0.975610,0.083333,0.916667,5.000000,0.750000,0.927600,2.200000,6428.935
Industrial PLC Module,v1v1v1,1,0.338095,0.153846,0.846154,0.400000,0.600000,4.000000,0.428571,0.882800,1.000000,56.792
Industrial PLC Module,d2v1v1,2,0.285696,0.125000,0.875000,0.166667,0.833333,3.000000,0.714286,0.950000,1.600000,2557.717
Industrial PLC Module,d3v1v1,3,0.214334,0.111111,0.888889,0.142857,0.857143,5.000000,0.857143,0.832000,1.400000,159.875
Industrial PLC Module,d4v1v1,4,0.329978,0.083333,0.916667,0.166667,0.833333,3.000000,0.714286,0.934800,2.000000,6194.850
Industrial PLC Module,d5v1v1,5,0.361868,0.076923,0.923077,0.200000,0.800000,3.000000,0.571429,0.898200,1.800000,6428.935
Industrial Welding Robot Controller,v1v1v1,1,0.050755,0.000000,1.000000,0.000000,1.000000,6.000000,0.900000,0.895600,1.000000,56.792
Industrial Welding Robot Controller,d2v1v1,2,0.265000,0.000000,1.000000,0.000000,1.000000,3.000000,0.500000,0.911200,2.000000,2557.717
Industrial Welding Robot Controller,d3v1v1,3,0.160251,0.000000,1.000000,0.000000,1.000000,4.000000,0.900000,0.910400,2.200000,159.875
Industrial Welding Robot Controller,d4v1v1,4,0.175436,0.000000,1.000000,0.000000,1.000000,4.000000,0.800000,0.817600,2.200000,6194.850
Industrial Welding Robot Controller,d5v1v1,5,0.169712,0.000000,1.000000,0.000000,1.000000,5.000000,0.800000,0.848000,2.000000,6428.935
Inertial Navigation System,v1v1v1,1,0.045604,0.081081,0.918919,0.166667,0.833333,7.000000,0.800000,0.870600,1.000000,56.792
Inertial Navigation System,d2v1v1,2,0.123571,0.000000,1.000000,0.000000,1.000000,2.000000,0.250000,0.923400,2.000000,2557.717
Inertial Navigation System,d3v1v1,3,0.182143,0.000000,1.000000,0.000000,1.000000,4.000000,0.450000,0.922200,2.000000,159.875
Inertial Navigation System,d4v1v1,4,0.110369,0.035714,0.964286,0.000000,1.000000,4.000000,0.500000,0.902000,2.200000,6194.850
Inertial Navigation System,d5v1v1,5,0.179924,0.071429,0.928571,0.100000,0.900000,4.000000,0.500000,0.900000,2.200000,6428.935
LED Luminaire,v1v1v1,1,0.015758,0.000000,1.000000,0.000000,1.000000,5.000000,0.500000,0.893400,1.000000,56.792
LED Luminaire,d2v1v1,2,0.032424,0.041667,0.958333,0.200000,0.800000,2.000000,0.333333,0.950000,1.800000,2557.717
LED Luminaire,d3v1v1,3,0.213271,0.000000,1.000000,0.000000,1.000000,2.000000,0.500000,0.941400,2.000000,159.875
LED Luminaire,d4v1v1,4,0.208982,0.047619,0.952381,0.100000,0.900000,4.000000,0.750000,0.807200,1.200000,6194.850
LED Luminaire,d5v1v1,5,0.071869,0.034483,0.965517,0.000000,1.000000,3.000000,0.666667,0.930400,2.600000,6428.935
Laptop PC,v1v1v1,1,0.220636,0.052632,0.947368,0.111111,0.888889,5.000000,0.444444,0.920200,1.000000,56.792
Laptop PC,d2v1v1,2,0.224669,0.150000,0.850000,0.153846,0.846154,5.000000,0.666667,0.920375,1.750000,2557.717
Laptop PC,d3v1v1,3,0.267387,0.062500,0.937500,0.133333,0.866667,9.000000,0.777778,0.889600,1.400000,159.875
Laptop PC,d4v1v1,4,0.263671,0.104478,0.895522,0.125000,0.875000,11.000000,0.833333,0.849200,1.400000,6194.850
Laptop PC,d5v1v1,5,0.276441,0.093750,0.906250,0.133333,0.866667,10.000000,0.777778,0.852000,1.400000,6428.935
Large-Format OLED Television,v1v1v1,1,0.159982,0.032258,0.967742,0.111111,0.888889,4.000000,0.470588,0.835200,1.000000,56.792
Large-Format OLED Television,d2v1v1,2,0.114440,0.058824,0.941176,0.083333,0.916667,5.000000,0.647059,0.962000,2.000000,2557.717
Large-Format OLED Television,d3v1v1,3,0.368494,0.064516,0.935484,0.125000,0.875000,4.000000,0.411765,0.939000,1.800000,159.875
Large-Format OLED Television,d4v1v1,4,0.177059,0.150000,0.850000,0.142857,0.857143,6.000000,0.764706,0.918000,2.000000,6194.850
Large-Format OLED Television,d5v1v1,5,0.164521,0.117647,0.882353,0.181818,0.818182,7.500000,0.588235,0.898750,2.000000,6428.935
Laser Projector,v1v1v1,1,0.066012,0.000000,1.000000,0.000000,1.000000,7.000000,0.684211,0.894400,1.000000,56.792
Laser Projector,d2v1v1,2,0.263826,0.000000,1.000000,0.000000,1.000000,6.000000,0.473684,0.885800,2.000000,2557.717
Laser Projector,d3v1v1,3,0.166499,0.055556,0.944444,0.000000,1.000000,6.000000,0.526316,0.916000,2.000000,159.875
Laser Projector,d4v1v1,4,0.179182,0.000000,1.000000,0.000000,1.000000,6.000000,0.578947,0.943750,2.500000,6194.850
Laser Projector,d5v1v1,5,0.171608,0.000000,1.000000,0.000000,1.000000,5.000000,0.631579,0.946000,2.400000,6428.935
LiDAR Sensor System,v1v1v1,1,0.166850,0.138889,0.861111,0.000000,1.000000,5.000000,0.454545,0.886000,1.000000,56.792
LiDAR Sensor System,d2v1v1,2,0.092063,0.080000,0.920000,0.000000,1.000000,4.000000,0.454545,0.950000,2.000000,2557.717
LiDAR Sensor System,d3v1v1,3,0.228810,0.045455,0.954545,0.000000,1.000000,4.000000,0.363636,1.000000,2.000000,159.875
LiDAR Sensor System,d4v1v1,4,0.196684,0.130435,0.869565,0.000000,1.000000,4.500000,0.409091,0.942500,2.000000,6194.850
LiDAR Sensor System,d5v1v1,5,0.167172,0.080000,0.920000,0.000000,1.000000,5.500000,0.500000,1.000000,3.000000,6428.935
MRI Machine,v1v1v1,1,0.085734,0.000000,1.000000,0.000000,1.000000,5.000000,0.428571,0.893600,1.000000,56.792
MRI Machine,d2v1v1,2,0.237574,0.029412,0.970588,0.090909,0.909091,5.000000,0.476190,0.940000,1.800000,2557.717
MRI Machine,d3v1v1,3,0.231742,0.000000,1.000000,0.000000,1.000000,4.000000,0.571429,0.831600,2.000000,159.875
MRI Machine,d4v1v1,4,0.176804,0.000000,1.000000,0.000000,1.000000,7.000000,0.761905,0.894200,2.200000,6194.850
MRI Machine,d5v1v1,5,0.226771,0.000000,1.000000,0.000000,1.000000,5.000000,0.476190,0.880000,2.200000,6428.935
Medical Ultrasound System,v1v1v1,1,0.126992,0.000000,1.000000,0.000000,1.000000,6.000000,0.533333,0.878600,1.000000,56.792
Medical Ultrasound System,d2v1v1,2,0.202407,0.000000,1.000000,0.000000,1.000000,7.000000,0.733333,0.769000,1.200000,2557.717
Medical Ultrasound System,d3v1v1,3,0.235944,0.000000,1.000000,0.000000,1.000000,5.000000,0.666667,0.862600,2.000000,159.875
Medical Ultrasound System,d4v1v1,4,0.107001,0.045455,0.954545,0.153846,0.846154,7.000000,0.733333,0.834800,1.800000,6194.850
Medical Ultrasound System,d5v1v1,5,0.123310,0.000000,1.000000,0.000000,1.000000,6.000000,0.666667,0.922800,2.400000,6428.935
Microwave Backhaul Radio,v1v1v1,1,0.067382,0.000000,1.000000,0.000000,1.000000,6.000000,0.692308,0.883400,1.000000,56.792
Microwave Backhaul Radio,d2v1v1,2,0.096992,0.000000,1.000000,0.000000,1.000000,2.000000,0.461538,0.966600,2.200000,2557.717
Microwave Backhaul Radio,d3v1v1,3,0.253877,0.000000,1.000000,0.000000,1.000000,5.000000,0.769231,0.831200,1.600000,159.875
Microwave Backhaul Radio,d4v1v1,4,0.183900,0.032258,0.967742,0.111111,0.888889,5.000000,0.615385,0.822800,1.800000,6194.850
Microwave Backhaul Radio,d5v1v1,5,0.107993,0.000000,1.000000,0.000000,1.000000,4.000000,0.846154,0.882200,2.200000,6428.935
Military Avionics Module,v1v1v1,1,0.087179,0.000000,1.000000,0.000000,1.000000,5.000000,0.571429,0.880400,1.000000,56.792
Military Avionics Module,d2v1v1,2,0.150673,0.071429,0.928571,0.000000,1.000000,3.000000,0.428571,0.928500,1.750000,2557.717
Military Avionics Module,d3v1v1,3,0.134531,0.000000,1.000000,0.000000,1.000000,5.000000,0.571429,0.962000,2.200000,159.875
Military Avionics Module,d4v1v1,4,0.206234,0.000000,1.000000,0.000000,1.000000,5.000000,0.642857,0.907200,2.400000,6194.850
Military Avionics Module,d5v1v1,5,0.174069,0.037037,0.962963,0.000000,1.000000,5.000000,0.714286,0.973400,2.600000,6428.935
Near-Infrared Spectroscopy Instrument,v1v1v1,1,0.023897,0.022727,0.977273,0.000000,1.000000,6.000000,0.500000,0.896200,1.000000,56.792
Near-Infrared Spectroscopy Instrument,d2v1v1,2,0.039583,0.125000,0.875000,0.000000,1.000000,4.000000,0.650000,0.823200,2.000000,2557.717
Near-Infrared Spectroscopy Instrument,d3v1v1,3,0.053102,0.066667,0.933333,0.090909,0.909091,6.000000,0.500000,0.983400,2.600000,159.875
Near-Infrared Spectroscopy Instrument,d4v1v1,4,0.026726,0.081081,0.918919,0.000000,1.000000,3.000000,0.500000,0.890800,2.600000,6194.850
Near-Infrared Spectroscopy Instrument,d5v1v1,5,0.049936,0.000000,1.000000,0.000000,1.000000,6.000000,0.700000,0.886000,2.200000,6428.935
Network Switch-Router,v1v1v1,1,0.178397,,,,,,,0.892200,1.000000,56.792
Network Switch-Router,d2v1v1,2,0.282061,,,,,,,0.930600,1.600000,2557.717
Network Switch-Router,d3v1v1,3,0.165624,,,,,,,0.872000,2.200000,159.875
Network Switch-Router,d4v1v1,4,0.128730,,,,,,,0.919000,2.000000,6194.850
Network Switch-Router,d5v1v1,5,0.290483,,,,,,,0.934200,2.600000,6428.935
Network Switch/Router,v1v1v1,1,,0.000000,1.000000,0.000000,1.000000,3.000000,0.312500,,,56.792
Network Switch/Router,d2v1v1,2,,0.000000,1.000000,0.000000,1.000000,5.000000,0.687500,,,2557.717
Network Switch/Router,d3v1v1,3,,0.000000,1.000000,0.000000,1.000000,4.000000,0.750000,,,159.875
Network Switch/Router,d4v1v1,4,,0.000000,1.000000,0.000000,1.000000,6.000000,0.687500,,,6194.850
Network Switch/Router,d5v1v1,5,,0.000000,1.000000,0.000000,1.000000,5.000000,0.625000,,,6428.935
Pharmaceutical Lyophilizer,v1v1v1,1,0.043480,,,,,,,0.899000,1.000000,56.792
Pharmaceutical Lyophilizer,d2v1v1,2,,,,,,,,,,2557.717
Pharmaceutical Lyophilizer,d3v1v1,3,0.158893,,,,,,,0.823800,1.800000,159.875
Pharmaceutical Lyophilizer,d4v1v1,4,,,,,,,,,,6194.850
Pharmaceutical Lyophilizer,d5v1v1,5,,,,,,,,,,6428.935
Point-of-Sale Terminal,v1v1v1,1,0.100293,0.000000,1.000000,0.000000,1.000000,6.000000,0.529412,0.882000,1.000000,56.792
Point-of-Sale Terminal,d2v1v1,2,0.216812,0.000000,1.000000,0.000000,1.000000,6.000000,0.764706,0.852800,1.600000,2557.717
Point-of-Sale Terminal,d3v1v1,3,0.186231,0.000000,1.000000,0.000000,1.000000,6.000000,0.705882,0.882400,2.000000,159.875
Point-of-Sale Terminal,d4v1v1,4,0.185859,0.000000,1.000000,0.000000,1.000000,5.000000,0.470588,0.907750,2.000000,6194.850
Point-of-Sale Terminal,d5v1v1,5,0.182874,0.000000,1.000000,0.000000,1.000000,9.000000,0.882353,0.783200,1.400000,6428.935
Pulse Oximeter,v1v1v1,1,0.081943,0.100000,0.900000,0.000000,1.000000,2.000000,0.214286,0.901600,1.000000,56.792
Pulse Oximeter,d2v1v1,2,0.099533,0.111111,0.888889,0.000000,1.000000,3.000000,0.500000,1.000000,2.000000,2557.717
Pulse Oximeter,d3v1v1,3,0.077500,0.000000,1.000000,0.000000,1.000000,5.000000,0.642857,0.922200,2.000000,159.875
Pulse Oximeter,d4v1v1,4,0.115714,0.000000,1.000000,0.000000,1.000000,4.000000,0.785714,0.841800,2.000000,6194.850
Pulse Oximeter,d5v1v1,5,0.185498,0.095238,0.904762,0.000000,1.000000,3.000000,0.428571,0.853200,2.200000,6428.935
Rotary Tablet Press,v1v1v1,1,0.061360,,,,,,,0.896400,1.000000,56.792
Rotary Tablet Press,d2v1v1,2,,,,,,,,,,2557.717
Rotary Tablet Press,d3v1v1,3,0.129167,,,,,,,0.884600,2.000000,159.875
Rotary Tablet Press,d4v1v1,4,,,,,,,,,,6194.850
Rotary Tablet Press,d5v1v1,5,,,,,,,,,,6428.935
Satellite Communication Terminal,v1v1v1,1,0.067798,0.000000,1.000000,0.000000,1.000000,3.000000,0.466667,0.894200,1.000000,56.792
Satellite Communication Terminal,d2v1v1,2,0.017647,0.111111,0.888889,0.125000,0.875000,2.000000,0.533333,0.980000,2.000000,2557.717
Satellite Communication Terminal,d3v1v1,3,0.091032,0.047619,0.952381,0.166667,0.833333,3.000000,0.400000,0.946600,2.400000,159.875
Satellite Communication Terminal,d4v1v1,4,0.066667,0.047619,0.952381,0.000000,1.000000,6.000000,0.666667,0.893000,2.333333,6194.850
Satellite Communication Terminal,d5v1v1,5,0.066829,0.041667,0.958333,0.125000,0.875000,4.000000,0.533333,0.940000,2.600000,6428.935
Servo Motor Drive,v1v1v1,1,0.038168,0.055556,0.944444,0.000000,1.000000,5.000000,0.444444,0.917200,1.000000,56.792
Servo Motor Drive,d2v1v1,2,0.108855,0.111111,0.888889,0.000000,1.000000,5.000000,0.444444,0.902000,1.600000,2557.717
Servo Motor Drive,d3v1v1,3,0.165760,0.121212,0.878788,0.083333,0.916667,6.000000,0.666667,0.981000,2.200000,159.875
Servo Motor Drive,d4v1v1,4,0.096535,0.137931,0.862069,0.090909,0.909091,7.000000,0.611111,0.897600,2.200000,6194.850
Servo Motor Drive,d5v1v1,5,0.081180,0.081081,0.918919,0.000000,1.000000,5.000000,0.666667,0.821000,2.000000,6428.935
Single-use Bioreactor,v1v1v1,1,0.015385,,,,,,,0.883200,1.000000,56.792
Single-use Bioreactor,d2v1v1,2,,,,,,,,,,2557.717
Single-use Bioreactor,d3v1v1,3,0.144571,,,,,,,0.869400,2.000000,159.875
Single-use Bioreactor,d4v1v1,4,,,,,,,,,,6194.850
Single-use Bioreactor,d5v1v1,5,,,,,,,,,,6428.935
Small Cell (5G Picocell),v1v1v1,1,0.343423,0.000000,1.000000,0.000000,1.000000,6.000000,0.571429,0.881600,1.000000,56.792
Small Cell (5G Picocell),d2v1v1,2,0.172549,0.000000,1.000000,0.000000,1.000000,4.000000,0.642857,0.905600,2.000000,2557.717
Small Cell (5G Picocell),d3v1v1,3,0.212517,0.000000,1.000000,0.000000,1.000000,5.500000,0.571429,0.890500,1.500000,159.875
Small Cell (5G Picocell),d4v1v1,4,0.152057,0.000000,1.000000,0.000000,1.000000,5.500000,0.500000,0.916000,1.750000,6194.850
Small Cell (5G Picocell),d5v1v1,5,0.287506,0.000000,1.000000,0.000000,1.000000,5.000000,0.714286,0.836200,1.600000,6428.935
Smart Doorbell Camera,v1v1v1,1,0.053767,0.048780,0.951220,0.111111,0.888889,5.000000,0.444444,0.904800,1.000000,56.792
Smart Doorbell Camera,d2v1v1,2,0.141526,0.090909,0.909091,0.083333,0.916667,6.000000,0.611111,0.873400,1.400000,2557.717
Smart Doorbell Camera,d3v1v1,3,0.117422,0.162162,0.837838,0.111111,0.888889,5.000000,0.444444,0.895600,2.400000,159.875
Smart Doorbell Camera,d4v1v1,4,0.093731,0.159091,0.840909,0.066667,0.933333,7.000000,0.777778,0.852000,2.600000,6194.850
Smart Doorbell Camera,d5v1v1,5,0.145175,0.155556,0.844444,0.076923,0.923077,5.000000,0.666667,0.873400,2.200000,6428.935
Smart Speaker - Voice Assistant Device,v1v1v1,1,0.096648,,,,,,,0.879200,1.000000,56.792
Smart Speaker - Voice Assistant Device,d2v1v1,2,0.356836,,,,,,,0.939800,1.800000,2557.717
Smart Speaker - Voice Assistant Device,d3v1v1,3,0.172029,,,,,,,0.973400,2.200000,159.875
Smart Speaker - Voice Assistant Device,d4v1v1,4,0.154215,,,,,,,0.930600,2.200000,6194.850
Smart Speaker - Voice Assistant Device,d5v1v1,5,0.164022,,,,,,,0.771400,1.800000,6428.935
Smart Speaker / Voice Assistant Device,v1v1v1,1,,0.129032,0.870968,0.125000,0.875000,4.000000,0.700000,,,56.792
Smart Speaker / Voice Assistant Device,d2v1v1,2,,0.150000,0.850000,0.166667,0.833333,3.000000,0.500000,,,2557.717
Smart Speaker / Voice Assistant Device,d3v1v1,3,,0.050000,0.950000,0.125000,0.875000,3.000000,0.700000,,,159.875
Smart Speaker / Voice Assistant Device,d4v1v1,4,,0.074074,0.925926,0.125000,0.875000,4.000000,0.700000,,,6194.850
Smart Speaker / Voice Assistant Device,d5v1v1,5,,0.085714,0.914286,0.090909,0.909091,4.000000,1.000000,,,6428.935
Smartphone,v1v1v1,1,0.900000,0.200000,0.800000,0.000000,1.000000,3.000000,1.000000,0.864000,1.000000,56.792
Smartphone,d2v1v1,2,1.000000,0.400000,0.600000,0.333333,0.666667,3.000000,0.666667,1.000000,1.000000,2557.717
Smartphone,d3v1v1,3,1.000000,0.380952,0.619048,0.333333,0.666667,3.000000,0.666667,1.000000,1.000000,159.875
Smartphone,d4v1v1,4,0.950000,0.400000,0.600000,0.333333,0.666667,3.000000,0.666667,1.000000,1.000000,6194.850
Smartphone,d5v1v1,5,1.000000,0.400000,0.600000,0.333333,0.666667,3.000000,0.666667,1.000000,1.000000,6428.935
Solar String Inverter,v1v1v1,1,0.078004,0.027027,0.972973,0.000000,1.000000,5.000000,0.666667,0.880600,1.000000,56.792
Solar String Inverter,d2v1v1,2,0.128849,0.222222,0.777778,0.250000,0.750000,3.000000,0.250000,1.000000,2.200000,2557.717
Solar String Inverter,d3v1v1,3,0.092929,0.043478,0.956522,0.125000,0.875000,4.000000,0.583333,0.890750,2.500000,159.875
Solar String Inverter,d4v1v1,4,0.092224,0.037037,0.962963,0.100000,0.900000,4.000000,0.750000,0.921800,2.200000,6194.850
Solar String Inverter,d5v1v1,5,0.163380,0.172414,0.827586,0.125000,0.875000,5.000000,0.583333,0.904000,2.600000,6428.935
Space-Grade Solar Array Power Regulator,v1v1v1,1,0.028571,0.000000,1.000000,0.000000,1.000000,6.000000,0.529412,0.887000,1.000000,56.792
Space-Grade Solar Array Power Regulator,d2v1v1,2,0.064286,0.076923,0.923077,0.166667,0.833333,2.000000,0.294118,0.946600,2.400000,2557.717
Space-Grade Solar Array Power Regulator,d3v1v1,3,0.058333,0.166667,0.833333,0.125000,0.875000,3.000000,0.411765,0.955600,2.200000,159.875
Space-Grade Solar Array Power Regulator,d4v1v1,4,0.038258,0.142857,0.857143,0.111111,0.888889,3.000000,0.470588,0.933400,2.200000,6194.850
Space-Grade Solar Array Power Regulator,d5v1v1,5,0.066786,0.090909,0.909091,0.181818,0.818182,5.000000,0.529412,0.928000,2.800000,6428.935
Space-Hardened Satellite Computer,v1v1v1,1,0.007692,0.000000,1.000000,0.000000,1.000000,6.000000,0.458333,0.892600,1.000000,56.792
Space-Hardened Satellite Computer,d2v1v1,2,0.082540,0.038462,0.961538,0.083333,0.916667,4.000000,0.458333,0.893000,1.800000,2557.717
Space-Hardened Satellite Computer,d3v1v1,3,0.021374,0.000000,1.000000,0.000000,1.000000,5.000000,0.625000,0.914800,2.000000,159.875
Space-Hardened Satellite Computer,d4v1v1,4,0.049495,0.052632,0.947368,0.000000,1.000000,6.000000,0.541667,0.955600,2.400000,6194.850
Space-Hardened Satellite Computer,d5v1v1,5,0.025021,0.000000,1.000000,0.000000,1.000000,5.000000,0.791667,0.920600,1.800000,6428.935
Star Tracker (Satellite Attitude Sensor),v1v1v1,1,0.054579,0.235294,0.764706,0.250000,0.750000,4.000000,0.428571,0.881800,1.000000,56.792
Star Tracker (Satellite Attitude Sensor),d2v1v1,2,0.089841,0.166667,0.833333,0.181818,0.818182,4.000000,0.642857,0.977800,2.200000,2557.717
Star Tracker (Satellite Attitude Sensor),d3v1v1,3,0.101445,0.111111,0.888889,0.181818,0.818182,5.000000,0.642857,0.890000,2.000000,159.875
Star Tracker (Satellite Attitude Sensor),d4v1v1,4,0.180916,0.173913,0.826087,0.125000,0.875000,4.000000,0.500000,0.827800,2.200000,6194.850
Star Tracker (Satellite Attitude Sensor),d5v1v1,5,0.065278,0.173913,0.826087,0.166667,0.833333,5.000000,0.714286,0.791750,2.000000,6428.935
Submarine Cable Repeater,v1v1v1,1,0.047809,0.272727,0.727273,0.333333,0.666667,4.000000,0.238095,0.904200,1.000000,56.792
Submarine Cable Repeater,d2v1v1,2,0.082778,0.266667,0.733333,0.200000,0.800000,4.000000,0.428571,0.869800,1.800000,2557.717
Submarine Cable Repeater,d3v1v1,3,0.067424,0.166667,0.833333,0.100000,0.900000,4.000000,0.476190,0.891000,2.200000,159.875
Submarine Cable Repeater,d4v1v1,4,0.060940,0.103448,0.896552,0.000000,1.000000,4.000000,0.333333,0.843000,2.400000,6194.850
Submarine Cable Repeater,d5v1v1,5,0.079115,0.214286,0.785714,0.200000,0.800000,5.000000,0.428571,0.928400,2.800000,6428.935
Surveillance DVR-NVR,v1v1v1,1,0.123065,,,,,,,0.898800,1.000000,56.792
Surveillance DVR-NVR,d2v1v1,2,0.354881,,,,,,,0.924000,2.000000,2557.717
Surveillance DVR-NVR,d3v1v1,3,0.146504,,,,,,,0.975800,2.200000,159.875
Surveillance DVR-NVR,d4v1v1,4,0.170056,,,,,,,0.918400,2.400000,6194.850
Surveillance DVR-NVR,d5v1v1,5,0.130299,,,,,,,0.903600,2.400000,6428.935
Surveillance DVR/NVR,v1v1v1,1,,0.000000,1.000000,0.000000,1.000000,5.000000,0.562500,,,56.792
Surveillance DVR/NVR,d2v1v1,2,,0.000000,1.000000,0.000000,1.000000,4.000000,0.375000,,,2557.717
Surveillance DVR/NVR,d3v1v1,3,,0.000000,1.000000,0.000000,1.000000,3.000000,0.750000,,,159.875
Surveillance DVR/NVR,d4v1v1,4,,0.000000,1.000000,0.000000,1.000000,6.000000,0.562500,,,6194.850
Surveillance DVR/NVR,d5v1v1,5,,0.000000,1.000000,0.000000,1.000000,6.000000,0.687500,,,6428.935
Thermal Imaging Sight,v1v1v1,1,0.042051,0.000000,1.000000,0.000000,1.000000,5.000000,0.526316,0.881600,1.000000,56.792
Thermal Imaging Sight,d2v1v1,2,0.109269,0.052632,0.947368,0.000000,1.000000,5.000000,0.473684,0.880600,1.200000,2557.717
Thermal Imaging Sight,d3v1v1,3,0.043096,0.000000,1.000000,0.000000,1.000000,4.000000,0.684211,0.919800,2.000000,159.875
Thermal Imaging Sight,d4v1v1,4,0.178347,0.000000,1.000000,0.000000,1.000000,4.500000,0.421053,0.852750,1.500000,6194.850
Thermal Imaging Sight,d5v1v1,5,0.175104,0.045455,0.954545,0.000000,1.000000,6.000000,0.789474,0.848400,1.600000,6428.935
UV-C Disinfection System,v1v1v1,1,0.050874,0.000000,1.000000,0.000000,1.000000,4.000000,0.647059,0.861000,1.000000,56.792
UV-C Disinfection System,d2v1v1,2,0.131382,0.000000,1.000000,0.000000,1.000000,4.000000,0.588235,0.900000,1.800000,2557.717
UV-C Disinfection System,d3v1v1,3,0.122668,0.000000,1.000000,0.000000,1.000000,5.000000,0.588235,0.902800,1.800000,159.875
UV-C Disinfection System,d4v1v1,4,0.074231,0.000000,1.000000,0.000000,1.000000,4.000000,0.529412,0.931400,2.000000,6194.850
UV-C Disinfection System,d5v1v1,5,0.161848,0.000000,1.000000,0.000000,1.000000,6.000000,0.529412,0.890000,2.200000,6428.935
WiFi 7 Access Point,v1v1v1,1,0.108074,0.000000,1.000000,0.000000,1.000000,6.000000,0.625000,0.898400,1.000000,56.792
WiFi 7 Access Point,d2v1v1,2,0.080529,0.030303,0.969697,0.000000,1.000000,4.000000,0.625000,0.895600,2.200000,2557.717
WiFi 7 Access Point,d3v1v1,3,0.150656,0.000000,1.000000,0.000000,1.000000,5.000000,0.750000,0.852200,2.000000,159.875
WiFi 7 Access Point,d4v1v1,4,0.094878,0.000000,1.000000,0.000000,1.000000,6.000000,0.687500,0.903000,2.400000,6194.850
WiFi 7 Access Point,d5v1v1,5,0.070386,0.023256,0.976744,0.071429,0.928571,6.000000,0.812500,0.918600,2.400000,6428.935
